Trial,Date,Day_of_trial,Woodrat_id,Species,Pop,Diet_perc,Diet_threshold,Food_left_day,Food_added_day,Food_eaten_day,mass adjusted_dose,Water_left_day,Water_added_day,Water_consumed_day,WR_bm,Diet_type,Sex,rotations,Max_speed_ms,Minutes_active
July,7/17/19,1,W397,N. lepida,Cameron Rd.,0,Chow,NA,15,NA,,NA,500,,116.6,FRCA,F,NA,NA,NA
July,7/18/19,2,W397,N. lepida,Cameron Rd.,0,Chow,3.6,15.1,11.4,0,490,490,10,113.3,FRCA,F,8691,1.591313186,421
July,7/19/19,3,W397,N. lepida,Cameron Rd.,1,Chow,3.3,14.1,11.8,0,470,470,20,116,FRCA,F,9574,1.541306675,461
July,7/20/19,4,W397,N. lepida,Cameron Rd.,1,Dose,1.4,15.1,12.7,,455,455,15,117.3,FRCA,F,9068,2.178573808,406
July,7/21/19,5,W397,N. lepida,Cameron Rd.,5,Dose,1.2,15.4,13.9,,440,440,15,116.1,FRCA,F,9569,2.388585634,408
July,7/22/19,6,W397,N. lepida,Cameron Rd.,5,Dose,3.9,15.6,11.5,,420,420,20,116.8,FRCA,F,11343,1.53597267,471
July,7/23/19,7,W397,N. lepida,Cameron Rd.,10,Dose,2.7,19.9,12.9,,400,400,20,118.1,FRCA,F,8154,1.486884967,378
July,7/24/19,8,W397,N. lepida,Cameron Rd.,10,Dose,10.9,20.1,9,,365,365,35,120.8,FRCA,F,10099,1.466496524,446
July,7/25/19,9,W397,N. lepida,Cameron Rd.,20,Dose,8.8,20.3,11.3,,340,340,25,118.1,FRCA,F,10257,1.509181935,473
July,7/26/19,10,W397,N. lepida,Cameron Rd.,20,Dose,12.3,20.3,8,,300,300,40,116.2,FRCA,F,7464,1.42110533,342
July,7/27/19,11,W397,N. lepida,Cameron Rd.,30,Max,10.2,20.1,10.1,0.003864796,255,500,45,117.6,FRCA,F,7548,1.395305105,348
July,7/28/19,12,W397,N. lepida,Cameron Rd.,30,Max,10.3,20.6,9.8,0.003746814,450,450,50,117.7,FRCA,F,6881,1.420777616,310
July,7/29/19,13,W397,N. lepida,Cameron Rd.,30,Max,9.9,19,10.7,0.00411187,415,415,35,117.1,FRCA,F,6226,1.431792737,321
July,7/30/19,14,W397,N. lepida,Cameron Rd.,30,Max,8.8,0,10.2,0.003903061,377,0,38,117.6,FRCA,F,5642,1.413224477,253
July,7/17/19,1,W398,N. bryanti,Erskine Creek,0,Chow,NA,14.9,NA,0,NA,500,,177.4,FRCA,M,NA,NA,NA
July,7/18/19,2,W398,N. bryanti,Erskine Creek,0,Chow,2.5,15.5,12.4,0,490,490,10,177.7,FRCA,M,2261,3.651702105,117
July,7/19/19,3,W398,N. bryanti,Erskine Creek,1,Chow,2.8,15.3,12.7,0,470,470,20,182.6,FRCA,M,1479,1.858868036,123
July,7/20/19,4,W398,N. bryanti,Erskine Creek,1,Dose,1.9,15.1,13.4,,455,455,15,183.9,FRCA,M,1670,2.404580627,134
July,7/21/19,5,W398,N. bryanti,Erskine Creek,5,Dose,3.2,15.2,11.9,,445,445,10,180.5,FRCA,M,941,2.75660605,148
July,7/22/19,6,W398,N. bryanti,Erskine Creek,5,Dose,2.5,16.1,12.7,,430,430,15,180.2,FRCA,M,1534,1.363873043,133
July,7/23/19,7,W398,N. bryanti,Erskine Creek,10,Dose,3,20.7,13.1,,415,415,15,181.7,FRCA,M,1035,1.404306392,139
July,7/24/19,8,W398,N. bryanti,Erskine Creek,10,Dose,8.7,20.1,12,,405,405,10,180.1,FRCA,M,1191,1.849344215,148
July,7/25/19,9,W398,N. bryanti,Erskine Creek,20,Dose,8.1,20.4,12,,390,390,15,182,FRCA,M,1636,1.388952983,156
July,7/26/19,10,W398,N. bryanti,Erskine Creek,20,Dose,8.1,20.2,12.3,,370,370,20,181.1,FRCA,M,1963,1.714393134,170
July,7/27/19,11,W398,N. bryanti,Erskine Creek,30,Dose,6.2,19.8,14,,360,360,10,182.7,FRCA,M,1124,1.485576347,126
July,7/28/19,12,W398,N. bryanti,Erskine Creek,30,Dose,8.1,19.5,11.7,,340,340,20,183,FRCA,M,1247,1.474738397,149
July,7/29/19,13,W398,N. bryanti,Erskine Creek,40,Dose,6.5,18.1,13,,335,335,5,181.7,FRCA,M,1066,1.177974306,133
July,7/30/19,14,W398,N. bryanti,Erskine Creek,40,Dose,5.8,20.2,12.3,,315,315,20,182.7,FRCA,M,1276,4.89660055,145
July,7/31/19,15,W398,N. bryanti,Erskine Creek,50,Dose,7.4,20.1,12.8,,300,300,15,182.4,FRCA,M,1463,1.518289188,147
July,8/1/19,16,W398,N. bryanti,Erskine Creek,50,Dose,8,19.9,12.1,,285,285,15,185.3,FRCA,M,1257,1.579182437,135
July,8/2/19,17,W398,N. bryanti,Erskine Creek,60,Dose,7.9,20.6,12,,270,500,15,183,FRCA,M,895,1.288661521,149
July,8/3/19,18,W398,N. bryanti,Erskine Creek,60,Dose,7,20.6,13.6,,485,485,15,184,FRCA,M,1756,1.644166648,144
July,8/4/19,19,W398,N. bryanti,Erskine Creek,70,Dose,7.8,20.5,12.8,,470,470,15,185.1,FRCA,M,1300,1.405337323,144
July,8/5/19,20,W398,N. bryanti,Erskine Creek,70,Dose,8.9,20.7,11.6,,460,460,10,184.1,FRCA,M,744,1.407468947,134
July,8/6/19,21,W398,N. bryanti,Erskine Creek,80,Dose,9,20,11.6,,450,450,10,183.9,FRCA,M,1186,1.247015298,149
July,8/7/19,22,W398,N. bryanti,Erskine Creek,80,Dose,8.1,21.6,12.5,,435,435,15,184.9,FRCA,M,1084,4.603641542,117
July,8/8/19,23,W398,N. bryanti,Erskine Creek,90,Dose,10.1,18.8,10,,420,420,15,183.6,FRCA,M,1533,1.554452766,151
July,8/9/19,24,W398,N. bryanti,Erskine Creek,90,Dose,6.6,16.9,2.6,,405,405,15,183.8,FRCA,M,1170,1.397391952,108
July,8/10/19,25,W398,N. bryanti,Erskine Creek,100,Max,4.3,20,17.2,0.014121511,395,395,10,182.7,FRCA,M,1367,3.508964563,139
July,8/11/19,26,W398,N. bryanti,Erskine Creek,100,Max,8.2,21.4,13.5,0.010811532,380,380,15,187.3,FRCA,M,1382,1.516929386,139
July,8/12/19,27,W398,N. bryanti,Erskine Creek,100,Max,10.6,20.9,10.9,0.008856988,365,365,15,184.6,FRCA,M,1724,1.590840551,135
July,8/13/19,28,W398,N. bryanti,Erskine Creek,100,Max,8.5,0,11.9,0.009555675,355,0,10,186.8,FRCA,M,1337,1.754288601,120
July,7/17/19,1,W477,N. bryanti,Kernville Canyon,0,Chow,NA,14.9,NA,0,NA,500,,153.2,PRFA,M,NA,NA,NA
July,7/18/19,2,W477,N. bryanti,Kernville Canyon,0,Chow,2.4,14.8,12.5,0,485,485,15,150.7,PRFA,M,1407,2.614689614,143
July,7/19/19,3,W477,N. bryanti,Kernville Canyon,1,Chow,3.4,14.9,11.4,0,470,470,15,152.6,PRFA,M,973,1.214805286,110
July,7/20/19,4,W477,N. bryanti,Kernville Canyon,1,Dose,3.7,14.9,11.2,,455,455,15,152.5,PRFA,M,770,1.153527466,105
July,7/21/19,5,W477,N. bryanti,Kernville Canyon,5,Dose,4.5,15,10.4,,445,445,10,151.1,PRFA,M,1124,1.32818086,108
July,7/22/19,6,W477,N. bryanti,Kernville Canyon,5,Dose,4.3,16.3,10.7,,435,435,10,150.4,PRFA,M,796,1.397139492,96
July,7/23/19,7,W477,N. bryanti,Kernville Canyon,10,Dose,5.8,20.4,10.5,,423,423,12,150.2,PRFA,M,561,1.680580532,77
July,7/24/19,8,W477,N. bryanti,Kernville Canyon,10,Dose,10.7,20.2,9.7,,410,410,13,151.4,PRFA,M,597,3.753491711,66
July,7/25/19,9,W477,N. bryanti,Kernville Canyon,20,Dose,9.4,20.4,10.8,,390,390,20,152.3,PRFA,M,462,1.402822251,78
July,7/26/19,10,W477,N. bryanti,Kernville Canyon,20,Dose,9.4,20.5,11,,380,380,10,150.8,PRFA,M,535,1.58224679,83
July,7/27/19,11,W477,N. bryanti,Kernville Canyon,30,Dose,9.9,20.4,10.6,,365,365,15,151.3,PRFA,M,327,1.166195987,64
July,7/28/19,12,W477,N. bryanti,Kernville Canyon,30,Dose,10.7,20,9.7,,355,355,10,149.8,PRFA,M,267,1.133565056,59
July,7/29/19,13,W477,N. bryanti,Kernville Canyon,40,Dose,9.3,19.3,10.7,,345,345,10,151.3,PRFA,M,407,1.271243711,68
July,7/30/19,14,W477,N. bryanti,Kernville Canyon,40,Dose,9.3,20.8,10,,330,330,15,150.3,PRFA,M,243,1.473669112,63
July,7/31/19,15,W477,N. bryanti,Kernville Canyon,50,Dose,10.6,20.2,10.2,,315,315,15,149.8,PRFA,M,300,1.545866888,60
July,8/1/19,16,W477,N. bryanti,Kernville Canyon,50,Dose,10.9,20,9.3,,305,305,10,149.6,PRFA,M,218,4.766602305,64
July,8/2/19,17,W477,N. bryanti,Kernville Canyon,60,Dose,9.3,21,10.7,,287,500,18,149,PRFA,M,389,1.124465894,79
July,8/3/19,18,W477,N. bryanti,Kernville Canyon,60,Dose,12,20.5,9,,487,487,13,149.9,PRFA,M,309,2.956342602,50
July,8/4/19,19,W477,N. bryanti,Kernville Canyon,70,Dose,10.4,20.6,10.1,,475,475,12,149.6,PRFA,M,402,2.075630291,69
July,8/5/19,20,W477,N. bryanti,Kernville Canyon,70,Dose,11,20.6,9.4,,465,465,10,149.5,PRFA,M,429,1.815851761,58
July,8/6/19,21,W477,N. bryanti,Kernville Canyon,80,Dose,10.8,20.1,9.5,,455,455,10,149.4,PRFA,M,340,1.500542239,61
July,8/7/19,22,W477,N. bryanti,Kernville Canyon,80,Dose,10.1,9.2,10.1,,440,440,15,149.1,PRFA,M,334,1.494108351,71
July,8/8/19,23,W477,N. bryanti,Kernville Canyon,90,Dose,9.9,21.5,10.8,,430,430,10,150,PRFA,M,207,1.204359299,54
July,8/9/19,24,W477,N. bryanti,Kernville Canyon,90,Dose,12.4,21.7,7.9,,420,420,10,147.1,PRFA,M,2050,5.918967697,134
July,8/10/19,25,W477,N. bryanti,Kernville Canyon,100,Max,10.6,21.5,11.2,0.015124916,405,405,15,148.1,PRFA,M,5886,1.383267681,280
July,8/11/19,26,W477,N. bryanti,Kernville Canyon,100,Max,11.4,20.4,6.9,0.00918775,390,390,15,150.2,PRFA,M,3211,1.226366621,173
July,8/12/19,27,W477,N. bryanti,Kernville Canyon,100,Max,10.5,20.5,10.7,0.014285714,375,375,15,149.8,PRFA,M,3299,1.323405554,175
July,8/13/19,28,W477,N. bryanti,Kernville Canyon,100,Max,10.5,0,10.4,0.013866667,365,0,10,150,PRFA,M,2864,1.188469825,155
July,7/17/19,1,W478,N. lepida,Pine Tree cyn,0,Chow,NA,15.2,NA,0,NA,500,,118.5,FRCA,F,NA,NA,NA
July,7/18/19,2,W478,N. lepida,Pine Tree cyn,0,Chow,2.1,15.4,13.1,0,450,450,50,115.4,FRCA,F,11724,1.629949225,367
July,7/19/19,3,W478,N. lepida,Pine Tree cyn,1,Chow,1.4,15.6,14,0,400,400,50,116.1,FRCA,F,11012,1.395390986,369
July,7/20/19,4,W478,N. lepida,Pine Tree cyn,1,Dose,1.1,15.2,14.5,,350,350,50,118.4,FRCA,F,9349,1.916153957,316
July,7/21/19,5,W478,N. lepida,Pine Tree cyn,5,Dose,0.4,15.3,14.8,,300,300,50,118.1,FRCA,F,6594,1.443065287,246
July,7/22/19,6,W478,N. lepida,Pine Tree cyn,5,Dose,1.2,16.5,14.1,,230,500,70,118.4,FRCA,F,8800,1.542915368,308
July,7/23/19,7,W478,N. lepida,Pine Tree cyn,10,Dose,1.8,20.3,14.7,,430,430,70,119.5,FRCA,F,7176,1.594968891,260
July,7/24/19,8,W478,N. lepida,Pine Tree cyn,10,Dose,7,20,13.3,,340,340,90,120.5,FRCA,F,10652,1.445529658,326
July,7/25/19,9,W478,N. lepida,Pine Tree cyn,20,Dose,7.3,19.8,12.7,,255,500,85,120,FRCA,F,9866,1.389868225,322
July,7/26/19,10,W478,N. lepida,Pine Tree cyn,20,Dose,11,20.4,8.8,,375,375,125,115.8,FRCA,F,9571,1.543568233,297
July,7/27/19,11,W478,N. lepida,Pine Tree cyn,30,Max,9.1,20.3,11.3,0.004383621,260,500,115,116,FRCA,F,7304,1.621129003,265
July,7/28/19,12,W478,N. lepida,Pine Tree cyn,30,Max,8.8,19.8,11.5,0.00443825,372,372,128,116.6,FRCA,F,7370,1.546193381,260
July,7/29/19,13,W478,N. lepida,Pine Tree cyn,30,Max,8.7,18.4,11.1,0.004313472,270,270,102,115.8,FRCA,F,5341,1.660366013,203
July,7/30/19,14,W478,N. lepida,Pine Tree cyn,30,Max,7.6,0,10.8,0.004189655,170,0,100,116,FRCA,F,7629,1.581732047,234
July,7/17/19,1,W480,N. lepida,Pine Tree cyn,0,Chow,NA,15,NA,0,NA,500,,133.2,PRFA,M,NA,NA,NA
July,7/18/19,2,W480,N. lepida,Pine Tree cyn,0,Chow,0.8,15.1,14.2,0,465,465,35,131.1,PRFA,M,6894,1.716776267,195
July,7/19/19,3,W480,N. lepida,Pine Tree cyn,1,Chow,0.6,15.9,14.5,0,445,445,20,130.4,PRFA,M,11331,1.538373189,293
July,7/20/19,4,W480,N. lepida,Pine Tree cyn,1,Dose,0.9,15.2,15,,425,425,20,129.6,PRFA,M,9943,2.280253802,259
July,7/21/19,5,W480,N. lepida,Pine Tree cyn,5,Dose,0.5,17.8,14.7,,407,407,18,132.7,PRFA,M,7357,1.805788258,198
July,7/22/19,6,W480,N. lepida,Pine Tree cyn,5,Dose,2.6,17.9,15.2,,387,387,20,132.1,PRFA,M,10819,1.810507766,293
July,7/23/19,7,W480,N. lepida,Pine Tree cyn,10,Dose,3,21,14.9,,355,355,32,134.9,PRFA,M,8048,1.565150007,201
July,7/24/19,8,W480,N. lepida,Pine Tree cyn,10,Dose,6.3,20.9,14.7,,350,350,5,135.7,PRFA,M,5491,2.083659808,141
July,7/25/19,9,W480,N. lepida,Pine Tree cyn,20,Dose,6.5,20.5,14.4,,330,330,20,133.8,PRFA,M,6467,1.528515102,162
July,7/26/19,10,W480,N. lepida,Pine Tree cyn,20,Dose,6.2,20.5,14.3,,310,310,20,132.5,PRFA,M,10036,1.532589291,223
July,7/27/19,11,W480,N. lepida,Pine Tree cyn,30,Dose,6.1,20,14.4,,295,295,15,135.8,PRFA,M,8541,1.567856546,187
July,7/28/19,12,W480,N. lepida,Pine Tree cyn,30,Dose,4.5,20.8,15.5,,270,500,25,134.2,PRFA,M,12103,1.576243075,272
July,7/29/19,13,W480,N. lepida,Pine Tree cyn,40,Dose,5.9,19,14.9,,480,480,20,134.4,PRFA,M,10191,1.522590567,223
July,7/30/19,14,W480,N. lepida,Pine Tree cyn,40,Dose,4.4,20.3,,,460,460,20,132.7,PRFA,M,12365,4.89660055,276
July,7/31/19,15,W480,N. lepida,Pine Tree cyn,50,Dose,5.6,20.2,14.7,,440,440,20,131.5,PRFA,M,10419,1.69017785,225
July,8/1/19,16,W480,N. lepida,Pine Tree cyn,50,Dose,5.4,20.3,14.8,,425,425,15,130.1,PRFA,M,10831,1.82600724,257
July,8/2/19,17,W480,N. lepida,Pine Tree cyn,60,Dose,5.7,20.5,14.6,,402,402,23,132.1,PRFA,M,12510,1.47949527,281
July,8/3/19,18,W480,N. lepida,Pine Tree cyn,60,Dose,6,20.9,14.5,,385,385,17,132.9,PRFA,M,8187,1.509185112,197
July,8/4/19,19,W480,N. lepida,Pine Tree cyn,70,Dose,5.7,20.8,15.6,,367,367,18,134.7,PRFA,M,7683,1.449918945,180
July,8/5/19,20,W480,N. lepida,Pine Tree cyn,70,Dose,5.7,20.6,14.5,,350,350,17,134.5,PRFA,M,9459,1.764195276,222
July,8/6/19,21,W480,N. lepida,Pine Tree cyn,80,Dose,7.2,20.4,13.3,,335,335,15,134.1,PRFA,M,8341,1.537134232,201
July,8/7/19,22,W480,N. lepida,Pine Tree cyn,80,Dose,6.1,20.2,14.7,,320,320,15,135.5,PRFA,M,8761,1.544546063,210
July,8/8/19,23,W480,N. lepida,Pine Tree cyn,90,Dose,4.7,20.6,16.8,,305,305,15,134.8,PRFA,M,9385,2.044192361,204
July,8/9/19,24,W480,N. lepida,Pine Tree cyn,90,Dose,6.3,20,13.6,,290,500,15,133.6,PRFA,M,8806,1.715425904,191
July,8/10/19,25,W480,N. lepida,Pine Tree cyn,100,Max,5.4,20.5,15.7,0.023380491,485,485,15,134.3,PRFA,M,8857,1.581557747,203
July,8/11/19,26,W480,N. lepida,Pine Tree cyn,100,Max,5.8,17.2,14.2,0.020624546,465,465,20,137.7,PRFA,M,6407,1.523159247,139
July,8/12/19,27,W480,N. lepida,Pine Tree cyn,100,Max,3.5,20.9,14.2,0.020699708,455,455,10,137.2,PRFA,M,6729,1.536619858,170
July,8/13/19,28,W480,N. lepida,Pine Tree cyn,100,Max,5.3,21.2,15.2,0.022435424,440,440,15,135.5,PRFA,M,7914,2.029543848,196
July,7/17/19,1,W481,N. lepida,Pine Tree cyn,0,Chow,NA,15.1,NA,0,NA,500,,136.8,PRFA,M,NA,NA,NA
July,7/18/19,2,W481,N. lepida,Pine Tree cyn,0,Chow,4.8,15,10.3,0,490,490,10,136.8,PRFA,M,376,1.538931601,49
July,7/19/19,3,W481,N. lepida,Pine Tree cyn,1,Chow,5,14.5,10,0,480,480,10,138.7,PRFA,M,422,1.379531276,48
July,7/20/19,4,W481,N. lepida,Pine Tree cyn,1,Dose,4.4,15,10.1,,475,475,5,139,PRFA,M,389,4.241150082,45
July,7/21/19,5,W481,N. lepida,Pine Tree cyn,5,Dose,3.8,15.1,11.2,,455,455,20,137.7,PRFA,M,326,1.410779101,43
July,7/22/19,6,W481,N. lepida,Pine Tree cyn,5,Dose,5.1,16.1,10,,445,445,10,139.1,PRFA,M,533,1.593842227,61
July,7/23/19,7,W481,N. lepida,Pine Tree cyn,10,Dose,4.7,20.3,11.4,,435,435,10,138.3,PRFA,M,646,4.274810004,54
July,7/24/19,8,W481,N. lepida,Pine Tree cyn,10,Dose,8.4,20.5,11.9,,420,420,15,139.1,PRFA,M,1112,1.534547181,88
July,7/25/19,9,W481,N. lepida,Pine Tree cyn,20,Dose,9.1,20.7,11.4,,410,410,10,141.9,PRFA,M,815,1.491744008,69
July,7/26/19,10,W481,N. lepida,Pine Tree cyn,20,Dose,9.6,20.1,11.1,,400,400,10,138.3,PRFA,M,1531,1.436341069,87
July,7/27/19,11,W481,N. lepida,Pine Tree cyn,30,Dose,7.9,20.1,12.2,,385,385,15,142,PRFA,M,1006,1.431504127,65
July,7/28/19,12,W481,N. lepida,Pine Tree cyn,30,Dose,8.1,21.2,12,,372,372,13,140.4,PRFA,M,972,1.61134096,75
July,7/29/19,13,W481,N. lepida,Pine Tree cyn,40,Dose,9.4,19.2,11.8,,365,365,7,141.9,PRFA,M,1350,1.666704814,85
July,7/30/19,14,W481,N. lepida,Pine Tree cyn,40,Dose,8.4,20.4,10.8,,355,355,10,138,PRFA,M,1375,2.488725527,94
July,7/31/19,15,W481,N. lepida,Pine Tree cyn,50,Dose,8.6,20.7,11.8,,340,340,15,138.9,PRFA,M,1173,1.569724343,81
July,8/1/19,16,W481,N. lepida,Pine Tree cyn,50,Dose,10.3,20.3,10.4,,327,327,13,139.6,PRFA,M,1080,1.64973844,87
July,8/2/19,17,W481,N. lepida,Pine Tree cyn,60,Dose,9.1,20.6,11.2,,312,312,15,140.8,PRFA,M,786,1.479749504,60
July,8/3/19,18,W481,N. lepida,Pine Tree cyn,60,Dose,10.1,20.1,10.5,,300,300,12,140.8,PRFA,M,925,1.672955857,73
July,8/4/19,19,W481,N. lepida,Pine Tree cyn,70,Dose,8.5,20.2,11.6,,287,500,13,140.2,PRFA,M,555,2.033138348,46
July,8/5/19,20,W481,N. lepida,Pine Tree cyn,70,Dose,9.1,20.7,11.8,,485,485,15,140.2,PRFA,M,750,1.61987793,72
July,8/6/19,21,W481,N. lepida,Pine Tree cyn,80,Dose,10.1,20.6,10.7,,475,475,10,141.3,PRFA,M,1190,1.668800591,85
July,8/7/19,22,W481,N. lepida,Pine Tree cyn,80,Dose,9.9,20.7,10.7,,465,465,10,140,PRFA,M,1181,1.923664502,73
July,8/8/19,23,W481,N. lepida,Pine Tree cyn,90,Dose,9.6,19.7,10.8,,455,455,10,140.2,PRFA,M,930,1.587751985,72
July,8/9/19,24,W481,N. lepida,Pine Tree cyn,90,Dose,7.9,18.8,12.3,,445,445,10,141.7,PRFA,M,1477,1.751206879,88
July,8/10/19,25,W481,N. lepida,Pine Tree cyn,100,Max,6.6,21.1,14,0.019858156,435,435,10,141,PRFA,M,1064,1.692680396,81
July,8/11/19,26,W481,N. lepida,Pine Tree cyn,100,Max,9.5,20,10.5,0.014840989,425,425,10,141.5,PRFA,M,946,1.688821455,65
July,8/12/19,27,W481,N. lepida,Pine Tree cyn,100,Max,10.1,20,10.4,0.014846538,415,415,10,140.1,PRFA,M,783,1.760215884,62
July,8/13/19,28,W481,N. lepida,Pine Tree cyn,100,Max,8.2,0,9,0.012667136,405,0,10,142.1,PRFA,M,628,1.798417564,62
July,7/17/19,1,W484,N. bryanti,Kernville Canyon,0,Chow,NA,15.2,NA,0,NA,500,,167.1,FRCA,M,NA,NA,NA
July,7/18/19,2,W484,N. bryanti,Kernville Canyon,0,Chow,0,19.4,15.2,0,475,475,25,167.9,FRCA,M,2233,1.652949503,138
July,7/19/19,3,W484,N. bryanti,Kernville Canyon,1,Chow,3.5,18.3,15.9,0,445,445,30,168.7,FRCA,M,1528,1.033254974,108
July,7/20/19,4,W484,N. bryanti,Kernville Canyon,1,Dose,3.4,15.2,14.9,,415,415,30,174.1,FRCA,M,1713,1.615070646,117
July,7/21/19,5,W484,N. bryanti,Kernville Canyon,5,Dose,1.9,15.8,13.3,,400,400,15,170.1,FRCA,M,1572,1.382865367,112
July,7/22/19,6,W484,N. bryanti,Kernville Canyon,5,Dose,1.3,17.2,14.5,,375,375,25,168.2,FRCA,M,1504,1.014842095,120
July,7/23/19,7,W484,N. bryanti,Kernville Canyon,10,Dose,3.7,19.9,13.5,,350,350,25,172.8,FRCA,M,1363,1.091956335,120
July,7/24/19,8,W484,N. bryanti,Kernville Canyon,10,Dose,8.4,20.1,11.5,,325,325,25,167.6,FRCA,M,1125,1.375254399,117
July,7/25/19,9,W484,N. bryanti,Kernville Canyon,20,Dose,7.4,20.8,12.7,,300,300,25,167.7,FRCA,M,1917,1.090676799,163
July,7/26/19,10,W484,N. bryanti,Kernville Canyon,20,Dose,5.8,20.1,15,,275,490,25,172.8,FRCA,M,1962,3.17773487,149
July,7/27/19,11,W484,N. bryanti,Kernville Canyon,30,Dose,6.8,20,13.3,,480,480,10,170,FRCA,M,2099,1.153374862,126
July,7/28/19,12,W484,N. bryanti,Kernville Canyon,30,Dose,7.6,20.7,12.4,,452,452,28,170.8,FRCA,M,2200,1.110364878,121
July,7/29/19,13,W484,N. bryanti,Kernville Canyon,40,Dose,7.4,18.2,13.3,,435,435,17,169.3,FRCA,M,2224,2.572513001,145
July,7/30/19,14,W484,N. bryanti,Kernville Canyon,40,Dose,5.8,20.6,12.4,,410,410,25,169.6,FRCA,M,2738,1.972989232,158
July,7/31/19,15,W484,N. bryanti,Kernville Canyon,50,Dose,8.5,20,12.1,,385,385,25,168.2,FRCA,M,2179,1.104293737,143
July,8/1/19,16,W484,N. bryanti,Kernville Canyon,50,Dose,8.8,20.8,11.2,,357,357,28,169,FRCA,M,2762,1.489975271,155
July,8/2/19,17,W484,N. bryanti,Kernville Canyon,60,Dose,8.9,20.8,11.9,,335,335,22,166.9,FRCA,M,2464,1.738403388,136
July,8/3/19,18,W484,N. bryanti,Kernville Canyon,60,Dose,9.9,21.3,10.9,,315,500,20,169.1,FRCA,M,2553,1.074159755,147
July,8/4/19,19,W484,N. bryanti,Kernville Canyon,70,Dose,10.2,20.2,11.1,,475,475,25,165.2,FRCA,M,2611,1.504673412,143
July,8/5/19,20,W484,N. bryanti,Kernville Canyon,70,Dose,9.4,20.5,11.2,,457,457,18,167.2,FRCA,M,2360,3.753491711,136
July,8/6/19,21,W484,N. bryanti,Kernville Canyon,80,Dose,10.3,20.8,10.2,,435,435,22,166,FRCA,M,2074,2.373413018,157
July,8/7/19,22,W484,N. bryanti,Kernville Canyon,80,Dose,10.3,21.5,10.4,,410,410,25,165.1,FRCA,M,1124,2.872672322,120
July,8/8/19,23,W484,N. bryanti,Kernville Canyon,90,Dose,9.9,19.9,10.1,,390,390,20,164.9,FRCA,M,1703,1.657310955,131
July,8/9/19,24,W484,N. bryanti,Kernville Canyon,90,Dose,9.1,21.1,12.5,,355,355,35,165.5,FRCA,M,2322,1.149558473,152
July,8/10/19,25,W484,N. bryanti,Kernville Canyon,100,Max,9.7,20,9.1,0.008272727,330,330,25,165,FRCA,M,3200,2.253665525,189
July,8/11/19,26,W484,N. bryanti,Kernville Canyon,100,Max,9.7,17.7,7.2,0.006561361,305,305,25,164.6,FRCA,M,2655,1.647174497,160
July,8/12/19,27,W484,N. bryanti,Kernville Canyon,100,Max,7.7,20.5,12.3,0.011154776,280,500,25,165.4,FRCA,M,2666,1.16505573,166
July,8/13/19,28,W484,N. bryanti,Kernville Canyon,100,Max,9.3,18.2,12.1,0.011155501,480,480,20,162.7,FRCA,M,1968,1.086365531,161
July,7/17/19,1,W486,N. bryanti,Kernville Canyon,0,Chow,NA,15.2,NA,0,NA,500,,161.4,PRFA,M,NA,NA,NA
July,7/18/19,2,W486,N. bryanti,Kernville Canyon,0,Chow,2.2,15.5,13,0,455,455,45,160.7,PRFA,M,3664,2.904625492,173
July,7/19/19,3,W486,N. bryanti,Kernville Canyon,1,Chow,1.5,15.4,14,0,412,412,43,163.9,PRFA,M,4014,1.35333181,168
July,7/20/19,4,W486,N. bryanti,Kernville Canyon,1,Dose,1.3,15,14.1,,370,370,42,164.2,PRFA,M,4873,1.724984179,193
July,7/21/19,5,W486,N. bryanti,Kernville Canyon,5,Dose,1.5,15.5,13.5,,325,325,45,161.8,PRFA,M,4164,1.521473406,175
July,7/22/19,6,W486,N. bryanti,Kernville Canyon,5,Dose,1.4,15.9,14.1,,285,500,40,162.6,PRFA,M,4409,1.282372345,201
July,7/23/19,7,W486,N. bryanti,Kernville Canyon,10,Dose,1,20.2,14.9,,455,455,45,164.5,PRFA,M,4791,1.401354784,193
July,7/24/19,8,W486,N. bryanti,Kernville Canyon,10,Dose,6.3,20.2,13.9,,410,410,45,166.1,PRFA,M,4080,3.753491711,164
July,7/25/19,9,W486,N. bryanti,Kernville Canyon,20,Dose,5,20.4,15.2,,360,360,50,167.8,PRFA,M,4730,1.807488134,223
July,7/26/19,10,W486,N. bryanti,Kernville Canyon,20,Dose,4.9,20.4,15.5,,310,310,50,165,PRFA,M,4488,1.264956942,178
July,7/27/19,11,W486,N. bryanti,Kernville Canyon,30,Dose,4.2,20.9,16.2,,265,500,45,169.9,PRFA,M,3227,1.326192235,138
July,7/28/19,12,W486,N. bryanti,Kernville Canyon,30,Dose,6.5,20.2,14.4,,440,440,60,166.5,PRFA,M,4931,1.464504154,188
July,7/29/19,13,W486,N. bryanti,Kernville Canyon,40,Dose,3.3,19.1,16.9,,405,405,35,169.7,PRFA,M,4779,1.306228511,170
July,7/30/19,14,W486,N. bryanti,Kernville Canyon,40,Dose,3.3,20.4,15.8,,360,360,45,168.7,PRFA,M,5094,4.89660055,209
July,7/31/19,15,W486,N. bryanti,Kernville Canyon,50,Dose,4.9,20,15.5,,315,315,45,166.5,PRFA,M,4307,1.332002186,183
July,8/1/19,16,W486,N. bryanti,Kernville Canyon,50,Dose,5.7,20.4,14.3,,270,500,45,169.5,PRFA,M,3210,4.766602305,152
July,8/2/19,17,W486,N. bryanti,Kernville Canyon,60,Dose,6,20,14.4,,455,455,45,168.3,PRFA,M,4372,1.545621023,170
July,8/3/19,18,W486,N. bryanti,Kernville Canyon,60,Dose,6.6,20.4,13.4,,405,405,50,167.8,PRFA,M,4055,3.034760177,163
July,8/4/19,19,W486,N. bryanti,Kernville Canyon,70,Dose,4.5,20.3,15.9,,355,355,50,170.2,PRFA,M,4190,2.085532264,182
July,8/5/19,20,W486,N. bryanti,Kernville Canyon,70,Dose,7.6,20.2,12.5,,312,312,43,169.1,PRFA,M,4788,1.766503905,184
July,8/6/19,21,W486,N. bryanti,Kernville Canyon,80,Dose,4.1,20.7,16.1,,270,325,42,169.7,PRFA,M,4313,1.915950068,175
July,8/7/19,22,W486,N. bryanti,Kernville Canyon,80,Dose,7.3,20.3,13.4,,285,485,40,169.2,PRFA,M,3567,1.328301012,171
July,8/8/19,23,W486,N. bryanti,Kernville Canyon,90,Dose,5.4,21.8,15.2,,435,435,50,168.6,PRFA,M,4722,1.488077177,198
July,8/9/19,24,W486,N. bryanti,Kernville Canyon,90,Dose,7.7,18.3,13,,375,375,60,167.9,PRFA,M,1591,5.918967697,144
July,8/10/19,25,W486,N. bryanti,Kernville Canyon,100,Max,4.4,21.2,15.3,0.017947214,310,310,65,170.5,PRFA,M,36,1.529120892,17
July,8/11/19,26,W486,N. bryanti,Kernville Canyon,100,Max,9.2,20.9,9.6,0.0115454,250,500,60,166.3,PRFA,M,2134,3.77023199,165
July,8/12/19,27,W486,N. bryanti,Kernville Canyon,100,Max,7.6,20.9,13.5,0.016235719,430,430,70,166.3,PRFA,M,1667,2.966506427,136
July,8/13/19,28,W486,N. bryanti,Kernville Canyon,100,Max,8.4,19.9,11.6,0.013867304,370,370,60,167.3,PRFA,M,1719,1.290495628,153
November,11/1/19,0,W489,N. lepida,Pine Tree cyn,0,Chow,NA,19.6,NA,0,NA,500,,136,FRCA,M,NA,NA,NA
November,11/2/19,1,W489,N. lepida,Pine Tree cyn,0,Chow,9.4,20.9,10.2,0,480,480,20,137.1,FRCA,M,8856,4.140258607,439
November,11/3/19,2,W489,N. lepida,Pine Tree cyn,5,Chow,7.8,21,13.1,0,465,465,15,141.1,FRCA,M,9140,3.563041415,434
November,11/4/19,3,W489,N. lepida,Pine Tree cyn,5,Dose,7.1,19.6,13.9,,445,445,20,138.1,FRCA,M,8966,3.293802575,379
November,11/5/19,4,W489,N. lepida,Pine Tree cyn,10,Dose,5.3,19.6,14.3,,430,430,15,142.2,FRCA,M,7735,4.267558233,345
November,11/6/19,5,W489,N. lepida,Pine Tree cyn,10,Dose,3.2,20.5,16.4,,410,410,20,140.5,FRCA,M,5399,3.385272334,265
November,11/7/19,6,W489,N. lepida,Pine Tree cyn,20,Dose,4.4,19.6,16.1,,390,390,20,142.4,FRCA,M,6960,3.341327944,292
November,11/8/19,7,W489,N. lepida,Pine Tree cyn,20,Dose,3.1,19.5,16.5,,375,375,15,145.3,FRCA,M,7098,2.766957691,257
November,11/9/19,8,W489,N. lepida,Pine Tree cyn,30,Dose,2.5,21,17,,350,350,25,142.8,FRCA,M,7438,3.846284593,312
November,11/10/19,9,W489,N. lepida,Pine Tree cyn,30,Dose,5.3,20.6,15.7,,330,330,20,142.5,FRCA,M,6925,2.805665119,297
November,11/11/19,10,W489,N. lepida,Pine Tree cyn,30,Dose,4,19.9,16.6,,307,307,23,141.4,FRCA,M,9117,4.724790004,409
November,11/12/19,11,W489,N. lepida,Pine Tree cyn,40,Dose,3.7,20.4,16.2,,287,500,20,144.4,FRCA,M,8624,4.564627631,390
November,11/13/19,12,W489,N. lepida,Pine Tree cyn,40,Dose,2.4,20.3,18,,480,480,20,142.1,FRCA,M,11181,3.430739239,470
November,11/14/19,13,W489,N. lepida,Pine Tree cyn,50,Dose,4,20.1,16.3,,458,458,22,144,FRCA,M,6999,2.621051389,311
November,11/15/19,14,W489,N. lepida,Pine Tree cyn,50,Dose,3.2,19.4,16.9,,439,439,19,146.3,FRCA,M,9440,3.544575642,352
November,11/16/19,15,W489,N. lepida,Pine Tree cyn,60,Dose,3.8,20.1,15.6,,420,420,19,144.6,FRCA,M,11032,2.783937891,383
November,11/17/19,16,W489,N. lepida,Pine Tree cyn,60,Dose,4.2,20,15.9,,400,400,20,141.1,FRCA,M,14971,3.093114085,487
November,11/18/19,17,W489,N. lepida,Pine Tree cyn,70,Dose,5.1,20.5,14.9,,381,381,19,140.8,FRCA,M,12139,2.932235404,348
November,11/19/19,18,W489,N. lepida,Pine Tree cyn,70,Dose,4.6,19.5,15.9,,363,363,18,142.3,FRCA,M,9499,4.731174855,298
November,11/20/19,19,W489,N. lepida,Pine Tree cyn,80,Dose,2.4,20.1,17.1,,340,340,23,,FRCA,M,11207,3.456828847,366
November,11/21/19,20,W489,N. lepida,Pine Tree cyn,80,Dose,7.2,19.6,12.9,,325,325,15,143.7,FRCA,M,10395,4.2100411,356
November,11/22/19,21,W489,N. lepida,Pine Tree cyn,90,Dose,3.5,20.7,16.1,,308,308,17,144.3,FRCA,M,8528,3.514495327,359
November,11/23/19,22,W489,N. lepida,Pine Tree cyn,90,Dose,7.4,21.3,13.3,,285,500,23,144.7,FRCA,M,5451,2.01173447,175
November,11/24/19,23,W489,N. lepida,Pine Tree cyn,100,Max,5.2,21,16.1,0.016841004,480,480,20,143.4,FRCA,M,6174,1.917740415,208
November,11/25/19,24,W489,N. lepida,Pine Tree cyn,100,Max,6.7,19.3,14.3,0.014885496,460,460,20,144.1,FRCA,M,4280,2.4153635,229
November,11/26/19,25,W489,N. lepida,Pine Tree cyn,100,Max,5.8,19.6,13.5,0.013936683,440,440,20,145.3,FRCA,M,5390,4.663429095,231
November,11/27/19,26,W489,N. lepida,Pine Tree cyn,100,Max,6,NA,13.6,0.013953488,422,422,18,146.2,FRCA,M,NA,NA,NA
November,11/1/19,0,W490,N. lepida,Pine Tree cyn,0,Chow,NA,19.3,NA,0,NA,500,,139.3,PRFA,M,NA,NA,NA
November,11/2/19,1,W490,N. lepida,Pine Tree cyn,0,Chow,10.9,20.4,8.4,0,485,485,15,136.5,PRFA,M,5582,1.427947866,320
November,11/3/19,2,W490,N. lepida,Pine Tree cyn,5,Chow,11.4,20.3,9,0,470,470,15,133.2,PRFA,M,7598,1.200443502,359
November,11/4/19,3,W490,N. lepida,Pine Tree cyn,5,Dose,11.1,20.6,9.2,,455,455,15,131.4,PRFA,M,9306,1.369763883,407
November,11/5/19,4,W490,N. lepida,Pine Tree cyn,10,Dose,9.4,20.3,11.2,,440,440,15,131.5,PRFA,M,8486,1.396255717,364
November,11/6/19,5,W490,N. lepida,Pine Tree cyn,10,Dose,8.5,20.8,11.8,,425,425,15,130.4,PRFA,M,9403,2.202969572,380
November,11/7/19,6,W490,N. lepida,Pine Tree cyn,20,Dose,8.7,19.2,12.1,,410,410,15,128.8,PRFA,M,9584,1.538399816,362
November,11/8/19,7,W490,N. lepida,Pine Tree cyn,20,Dose,5.3,19.6,13.9,,380,380,30,128.9,PRFA,M,8910,1.572827447,335
November,11/9/19,8,W490,N. lepida,Pine Tree cyn,30,Dose,4.9,20,14.7,,372,372,8,130.6,PRFA,M,9781,1.433994679,353
November,11/10/19,9,W490,N. lepida,Pine Tree cyn,30,Dose,6,20.6,14,,355,355,17,129.1,PRFA,M,9461,1.739256532,328
November,11/11/19,10,W490,N. lepida,Pine Tree cyn,50,Dose,5,21,15.6,,337,337,18,128.1,PRFA,M,11007,1.568775314,380
November,11/12/19,11,W490,N. lepida,Pine Tree cyn,50,Dose,5.6,19.8,15.4,,320,320,17,128.7,PRFA,M,8890,2.092745161,299
November,11/13/19,12,W490,N. lepida,Pine Tree cyn,70,Dose,3.2,20.6,16.6,,300,300,20,126.9,PRFA,M,10041,1.588471183,332
November,11/14/19,13,W490,N. lepida,Pine Tree cyn,70,Dose,6,20.2,14.6,,280,500,20,127.7,PRFA,M,10427,1.752739225,329
November,11/15/19,14,W490,N. lepida,Pine Tree cyn,100,Max,2.1,20.7,18.1,0.027803379,482,482,18,130.2,PRFA,M,11191,1.425398682,342
November,11/16/19,15,W490,N. lepida,Pine Tree cyn,100,Max,7.8,21.4,12.9,0.019907407,467,467,15,129.6,PRFA,M,11393,1.533010821,349
November,11/17/19,16,W490,N. lepida,Pine Tree cyn,100,Max,5,20.5,16.4,0.025485625,450,450,17,128.7,PRFA,M,10751,1.577808469,355
November,11/18/19,17,W490,N. lepida,Pine Tree cyn,100,Max,5.6,18.9,14.9,0.023335944,435,435,15,127.7,PRFA,M,8098,1.589325078,278
November,11/19/19,18,W490,N. lepida,Pine Tree cyn,100,Max,2.9,NA,16,0.02435312,415,415,20,131.4,PRFA,M,NA,NA,NA
November,11/1/19,0,W543,N. bryanti,Erskine Creek,0,Chow,NA,20.8,NA,0,NA,500,,113,FRCA,F,NA,NA,NA
November,11/2/19,1,W543,N. bryanti,Erskine Creek,0,Chow,12.2,20.1,8.6,0,485,485,15,113.5,FRCA,F,3543,3.000702287,238
November,11/3/19,2,W543,N. bryanti,Erskine Creek,5,Chow,9.6,20.5,10.5,0,470,470,15,112.3,FRCA,F,3717,2.137405002,235
November,11/4/19,3,W543,N. bryanti,Erskine Creek,5,Dose,12.6,19.2,7.9,,450,450,20,109.2,FRCA,F,4314,2.176266911,244
November,11/5/19,4,W543,N. bryanti,Erskine Creek,10,Dose,9.9,19.8,9.3,,425,425,25,110.2,FRCA,F,5081,1.713899675,273
November,11/6/19,5,W543,N. bryanti,Erskine Creek,10,Dose,8.5,20.7,11.3,,400,400,25,108.7,FRCA,F,4761,1.751561335,265
November,11/7/19,6,W543,N. bryanti,Erskine Creek,20,Dose,10.7,18.3,10,,380,380,20,108.1,FRCA,F,5041,5.204116526,255
November,11/8/19,7,W543,N. bryanti,Erskine Creek,20,Dose,5.9,20,12.4,,355,355,25,108.7,FRCA,F,5369,1.35333181,263
November,11/9/19,8,W543,N. bryanti,Erskine Creek,30,Dose,8.5,20.5,11.5,,327,327,28,108.4,FRCA,F,5675,1.264388042,271
November,11/10/19,9,W543,N. bryanti,Erskine Creek,30,Dose,8.9,20.5,11.6,,300,300,27,107.5,FRCA,F,6499,2.487880187,294
November,11/11/19,10,W543,N. bryanti,Erskine Creek,50,Dose,8.7,19.8,11.8,,268,500,32,108.5,FRCA,F,5674,1.844609796,262
November,11/12/19,11,W543,N. bryanti,Erskine Creek,50,Dose,8.8,20.2,11,,470,470,30,108.8,FRCA,F,6996,2.459479728,309
November,11/13/19,12,W543,N. bryanti,Erskine Creek,70,Dose,6.8,21.9,13.4,,440,440,30,108.6,FRCA,F,7187,1.648260158,311
November,11/14/19,13,W543,N. bryanti,Erskine Creek,70,Dose,10.9,21.1,11,,407,407,33,108.5,FRCA,F,5832,1.983889725,261
November,11/15/19,14,W543,N. bryanti,Erskine Creek,100,Max,8.5,21.6,12.6,0.017260274,380,380,27,109.5,FRCA,F,7131,1.990643963,320
November,11/16/19,15,W543,N. bryanti,Erskine Creek,100,Max,11.2,20.3,10.4,0.014246575,345,345,35,109.5,FRCA,F,5005,1.936901086,319
November,11/17/19,16,W543,N. bryanti,Erskine Creek,100,Max,7.8,19.3,12.5,0.01724931,309,309,36,108.7,FRCA,F,5047,1.600197694,238
November,11/18/19,17,W543,N. bryanti,Erskine Creek,100,Max,9.7,NA,9.6,0.013138686,285,285,24,109.6,FRCA,F,NA,NA,NA
November,11/1/19,0,W549,N. bryanti,Erskine Creek,0,Chow,NA,20.5,NA,0,NA,500,,175.2,FRCA,M,NA,NA,NA
November,11/2/19,1,W549,N. bryanti,Erskine Creek,0,Chow,11.8,20.2,8.7,0,490,490,10,170.8,FRCA,M,766,2.226852338,130
November,11/3/19,2,W549,N. bryanti,Erskine Creek,5,Chow,8.8,20.4,11.4,0,475,475,15,173.6,FRCA,M,888,0.906069672,110
November,11/4/19,3,W549,N. bryanti,Erskine Creek,5,Dose,9.2,19.2,11.2,,460,460,15,170.6,FRCA,M,1159,2.409960002,120
November,11/5/19,4,W549,N. bryanti,Erskine Creek,10,Dose,8.8,19.1,10.4,,445,445,15,173.1,FRCA,M,1626,2.474418067,154
November,11/6/19,5,W549,N. bryanti,Erskine Creek,10,Dose,8.8,20.8,10.3,,435,435,10,171.5,FRCA,M,1249,1.372276593,104
November,11/7/19,6,W549,N. bryanti,Erskine Creek,20,Dose,9.3,19.7,11.5,,425,425,10,169.1,FRCA,M,1329,1.589347768,122
November,11/8/19,7,W549,N. bryanti,Erskine Creek,20,Dose,8,19.8,11.7,,410,410,15,171.5,FRCA,M,928,2.212016675,105
November,11/9/19,8,W549,N. bryanti,Erskine Creek,30,Dose,6.5,21.2,13.3,,392,392,18,169.5,FRCA,M,361,1.615914509,69
November,11/10/19,9,W549,N. bryanti,Erskine Creek,30,Dose,10.1,20.2,11.1,,380,380,12,171.4,FRCA,M,880,1.652529129,84
November,11/11/19,10,W549,N. bryanti,Erskine Creek,50,Dose,8.5,20.4,11.7,,365,365,15,169.8,FRCA,M,921,1.062356222,76
November,11/12/19,11,W549,N. bryanti,Erskine Creek,50,Dose,8.6,20.2,11.8,,353,353,12,172,FRCA,M,3112,1.884941611,175
November,11/13/19,12,W549,N. bryanti,Erskine Creek,70,Dose,6.4,20.6,13.8,,339,339,14,170.1,FRCA,M,780,1.335125435,55
November,11/14/19,13,W549,N. bryanti,Erskine Creek,70,Dose,8.7,23,11.9,,321,321,18,172.9,FRCA,M,763,1.083061964,52
November,11/15/19,14,W549,N. bryanti,Erskine Creek,100,Max,10.9,22.8,12.1,0.010758743,310,310,11,168.7,FRCA,M,1497,0.945787639,112
November,11/16/19,15,W549,N. bryanti,Erskine Creek,100,Max,11.6,20.3,11.2,0.009893993,294,500,16,169.8,FRCA,M,1156,2.1236571,116
November,11/17/19,16,W549,N. bryanti,Erskine Creek,100,Max,8.8,18.5,11.5,0.010286225,487,487,13,167.7,FRCA,M,905,1.346461849,78
November,11/18/19,17,W549,N. bryanti,Erskine Creek,100,Max,7.1,,11.4,0.010047004,475,475,12,170.2,FRCA,M,NA,NA,NA
November,11/1/19,0,W550,N. bryanti,Erskine Creek,0,Chow,NA,20.6,NA,0,NA,500,,159.2,PRFA,F,NA,NA,NA
November,11/2/19,1,W550,N. bryanti,Erskine Creek,0,Chow,11.8,20.1,8.8,0,485,485,15,159.3,PRFA,F,1834,1.653671213,174
November,11/3/19,2,W550,N. bryanti,Erskine Creek,5,Chow,10.3,20.7,9.8,0,470,470,15,157.3,PRFA,F,1188,1.004361734,122
November,11/4/19,3,W550,N. bryanti,Erskine Creek,5,Dose,9.6,19.5,11.1,,452,452,18,158,PRFA,F,1607,1.272934921,127
November,11/5/19,4,W550,N. bryanti,Erskine Creek,10,Dose,7.2,20.2,12.3,,435,435,17,158.8,PRFA,F,2461,1.191698068,166
November,11/6/19,5,W550,N. bryanti,Erskine Creek,10,Dose,7.8,20.4,12.4,,415,415,20,159.4,PRFA,F,2728,1.890649929,158
November,11/7/19,6,W550,N. bryanti,Erskine Creek,20,Dose,6.4,19.3,14,,395,395,20,157.7,PRFA,F,2080,1.41668064,129
November,11/8/19,7,W550,N. bryanti,Erskine Creek,20,Dose,7.3,19.9,12,,375,375,20,164.2,PRFA,F,2475,1.552236485,172
November,11/9/19,8,W550,N. bryanti,Erskine Creek,30,Dose,6.1,20.3,13.8,,355,355,20,160.1,PRFA,F,2211,1.464820807,144
November,11/10/19,9,W550,N. bryanti,Erskine Creek,30,Dose,6.1,20.2,14.2,,335,335,20,158.6,PRFA,F,2281,1.944362362,149
November,11/11/19,10,W550,N. bryanti,Erskine Creek,50,Dose,4.3,20.3,15.9,,310,310,25,161.9,PRFA,F,1840,2.060151289,130
November,11/12/19,11,W550,N. bryanti,Erskine Creek,50,Dose,6.2,20,14.1,,290,500,20,162.7,PRFA,F,2438,1.441926064,161
November,11/13/19,12,W550,N. bryanti,Erskine Creek,70,Dose,4.5,20.7,15.5,,478,478,22,160.6,PRFA,F,2575,1.20568823,147
November,11/14/19,13,W550,N. bryanti,Erskine Creek,70,Dose,6.9,21.6,13.8,,457,457,21,160.8,PRFA,F,2801,1.233965774,144
November,11/15/19,14,W550,N. bryanti,Erskine Creek,100,Max,5.7,22.3,15.9,0.019296117,435,435,22,164.8,PRFA,F,3369,1.777985451,171
November,11/16/19,15,W550,N. bryanti,Erskine Creek,100,Max,7.6,20.7,14.7,0.017937767,413,413,22,163.9,PRFA,F,2491,2.541873553,142
November,11/17/19,16,W550,N. bryanti,Erskine Creek,100,Max,5.1,20.1,15.6,0.01922366,385,385,28,162.3,PRFA,F,2863,2.315522085,142
November,11/18/19,17,W550,N. bryanti,Erskine Creek,100,Max,6,15,14.1,0.017353846,360,360,25,162.5,PRFA,F,2999,1.328835233,149
November,11/19/19,18,W550,N. bryanti,Erskine Creek,100,Max,0.2,NA,14.8,0.018137255,333,333,27,163.2,PRFA,F,NA,NA,NA
November,11/1/19,0,W552,N. bryanti,Erskine Creek,0,Chow,NA,20.4,NA,0,NA,500,,163.4,PRFA,M,NA,NA,NA
November,11/2/19,1,W552,N. bryanti,Erskine Creek,0,Chow,11.7,20.2,8.7,0,475,475,25,161,PRFA,M,4102,1.540375229,276
November,11/3/19,2,W552,N. bryanti,Erskine Creek,5,Chow,9.9,20,10.3,0,460,460,15,156.5,PRFA,M,2721,1.734061779,171
November,11/4/19,3,W552,N. bryanti,Erskine Creek,5,Dose,9.7,19.9,10.3,,445,445,15,159.1,PRFA,M,3273,1.880919815,198
November,11/5/19,4,W552,N. bryanti,Erskine Creek,10,Dose,9.7,20.5,10.2,,430,430,15,157.4,PRFA,M,5478,2.505703955,247
November,11/6/19,5,W552,N. bryanti,Erskine Creek,10,Dose,7.9,20.8,12.6,,410,410,20,155.9,PRFA,M,5260,3.766615807,239
November,11/7/19,6,W552,N. bryanti,Erskine Creek,20,Dose,7.7,18.5,13.1,,395,395,15,157,PRFA,M,8052,1.543257431,329
November,11/8/19,7,W552,N. bryanti,Erskine Creek,20,Dose,3.9,19.9,14.6,,375,375,20,157.4,PRFA,M,7822,1.392964204,276
November,11/9/19,8,W552,N. bryanti,Erskine Creek,30,Dose,5.8,20.1,14.1,,350,350,25,156.7,PRFA,M,9145,1.362465681,358
November,11/10/19,9,W552,N. bryanti,Erskine Creek,30,Dose,3.6,20.1,16.5,,330,330,20,154.8,PRFA,M,6768,2.772073668,298
November,11/11/19,10,W552,N. bryanti,Erskine Creek,50,Dose,4.5,20.9,15.6,,305,305,25,158.4,PRFA,M,8605,1.553566664,303
November,11/12/19,11,W552,N. bryanti,Erskine Creek,50,Dose,5.9,19.2,15,,285,500,20,156.4,PRFA,M,8789,1.543311377,286
November,11/13/19,12,W552,N. bryanti,Erskine Creek,70,Dose,2.1,20.9,17.1,,480,480,20,154.4,PRFA,M,8304,1.421827869,288
November,11/14/19,13,W552,N. bryanti,Erskine Creek,70,Dose,4.1,21.3,16.8,,457,457,23,156.9,PRFA,M,8174,2.800899148,300
November,11/15/19,14,W552,N. bryanti,Erskine Creek,100,Max,2.6,20.7,18.7,0.023462986,435,435,22,159.4,PRFA,M,6144,1.351096116,283
November,11/16/19,15,W552,N. bryanti,Erskine Creek,100,Max,6.5,21.4,14.2,0.018216806,417,417,18,155.9,PRFA,M,7254,1.57835,258
November,11/17/19,16,W552,N. bryanti,Erskine Creek,100,Max,4.7,20.5,16.7,0.021451509,395,395,22,155.7,PRFA,M,4977,1.500481128,202
November,11/18/19,17,W552,N. bryanti,Erskine Creek,100,Max,5.5,19.4,15,0.019243105,375,375,20,155.9,PRFA,M,4314,1.87632411,183
November,11/19/19,18,W552,N. bryanti,Erskine Creek,100,Max,4.2,NA,15.2,0.019375398,355,355,20,156.9,PRFA,M,NA,NA,NA
November,11/1/19,0,W615,N. lepida,Pine Tree cyn,0,Chow,NA,19.2,NA,0,NA,500,,103,FRCA,F,NA,NA,NA
November,11/2/19,1,W615,N. lepida,Pine Tree cyn,0,Chow,10.8,20,8.4,0,482,482,18,101.1,FRCA,F,11597,3.009084137,532
November,11/3/19,2,W615,N. lepida,Pine Tree cyn,5,Chow,9.5,20.8,10.5,0,467,467,15,100.5,FRCA,F,10447,2.388481473,418
November,11/4/19,3,W615,N. lepida,Pine Tree cyn,5,Dose,11,19.6,9.8,,455,455,12,101.2,FRCA,F,6244,2.619535376,244
November,11/5/19,4,W615,N. lepida,Pine Tree cyn,10,Dose,7.6,19.8,12,,440,440,15,104.5,FRCA,F,8055,2.655372787,306
November,11/6/19,5,W615,N. lepida,Pine Tree cyn,10,Dose,10.1,20.3,9.7,,425,425,15,102.3,FRCA,F,8147,2.476512638,340
November,11/7/19,6,W615,N. lepida,Pine Tree cyn,20,Dose,9.7,17.8,10.6,,410,410,15,105.3,FRCA,F,5101,2.713481413,217
November,11/8/19,7,W615,N. lepida,Pine Tree cyn,20,Dose,7.3,17,10.5,,395,395,15,106.5,FRCA,F,5799,3.701897323,227
November,11/9/19,8,W615,N. lepida,Pine Tree cyn,30,Dose,6.5,20.1,10.5,,377,377,18,107.7,FRCA,F,4628,3.051598841,170
November,11/10/19,9,W615,N. lepida,Pine Tree cyn,30,Dose,11.1,20.3,9,,360,360,17,104.2,FRCA,F,4871,2.304477951,199
November,11/11/19,10,W615,N. lepida,Pine Tree cyn,30,Dose,10.1,18.5,10.2,,340,340,20,102.6,FRCA,F,7678,2.839987682,268
November,11/12/19,11,W615,N. lepida,Pine Tree cyn,40,Dose,8.9,20.1,9.6,,323,323,17,106.2,FRCA,F,8504,3.025989104,291
November,11/13/19,12,W615,N. lepida,Pine Tree cyn,40,Dose,9.1,19.8,11,,305,305,18,106.1,FRCA,F,7372,2.674634553,212
November,11/14/19,13,W615,N. lepida,Pine Tree cyn,50,Dose,10.3,21.3,9.5,,281,500,24,107.8,FRCA,F,10798,2.90091856,253
November,11/15/19,14,W615,N. lepida,Pine Tree cyn,50,Dose,11.4,19.9,9.9,,477,477,23,106.6,FRCA,F,7290,2.644773291,182
November,11/16/19,15,W615,N. lepida,Pine Tree cyn,60,Dose,12.5,20.4,7.4,,457,457,20,104.6,FRCA,F,11004,2.595773857,305
November,11/17/19,16,W615,N. lepida,Pine Tree cyn,60,Dose,13.4,20,7,,425,425,32,103.2,FRCA,F,17901,2.685983994,442
November,11/18/19,17,W615,N. lepida,Pine Tree cyn,70,Dose,10.9,20.2,9.1,,400,400,25,103.7,FRCA,F,17779,2.612400543,387
November,11/19/19,18,W615,N. lepida,Pine Tree cyn,70,Dose,12.5,19.6,7.7,,367,367,33,102.1,FRCA,F,16054,2.730525126,334
November,11/20/19,19,W615,N. lepida,Pine Tree cyn,80,Max,8.2,20.3,11.4,0.013294461,315,315,52,102.9,FRCA,F,14133,3.163089613,335
November,11/21/19,20,W615,N. lepida,Pine Tree cyn,80,Max,13.5,20,6.8,0.007930029,282,500,33,102.9,FRCA,F,11808,2.927315546,272
November,11/22/19,21,W615,N. lepida,Pine Tree cyn,80,Max,10,19.4,10,0.011741683,460,460,40,102.2,FRCA,F,16334,2.743913773,362
November,11/23/19,22,W615,N. lepida,Pine Tree cyn,80,Max,12.1,NA,7.3,0.008673267,425,425,35,101,FRCA,F,14206,3.071593079,296
November,11/1/19,0,W616,N. lepida,Cameron Rd.,0,Chow,NA,19.6,NA,0,NA,500,,117.1,PRFA,F,NA,NA,NA
November,11/2/19,1,W616,N. lepida,Cameron Rd.,0,Chow,10.3,19.9,9.3,0,485,485,15,121.2,PRFA,F,6138,1.572833957,384
November,11/3/19,2,W616,N. lepida,Cameron Rd.,5,Chow,8,20.5,11.9,0,467,467,18,119.7,PRFA,F,10160,1.502287147,444
November,11/4/19,3,W616,N. lepida,Cameron Rd.,5,Dose,7,19.3,13.5,,450,450,17,120,PRFA,F,5223,1.485514465,294
November,11/5/19,4,W616,N. lepida,Cameron Rd.,10,Dose,4,19.6,15.3,,425,425,25,123.9,PRFA,F,4921,2.46294815,279
November,11/6/19,5,W616,N. lepida,Cameron Rd.,10,Dose,4.3,20.6,15.3,,410,410,15,123.6,PRFA,F,10909,1.674095325,410
November,11/7/19,6,W616,N. lepida,Cameron Rd.,20,Dose,4.4,19.4,16.2,,385,385,25,127.6,PRFA,F,6664,1.998481941,285
November,11/8/19,7,W616,N. lepida,Cameron Rd.,20,Dose,2.4,19.6,17,,370,370,15,126.4,PRFA,F,7414,3.077863203,288
November,11/9/19,8,W616,N. lepida,Cameron Rd.,30,Dose,2.7,20.4,16.9,,345,345,25,125.2,PRFA,F,7550,2.032700057,282
November,11/10/19,9,W616,N. lepida,Cameron Rd.,30,Dose,6.2,20.3,14.2,,325,325,20,125.9,PRFA,F,9480,1.938542283,318
November,11/11/19,10,W616,N. lepida,Cameron Rd.,50,Dose,4.5,20.9,15.8,,305,305,20,124.9,PRFA,F,8455,2.112853157,292
November,11/12/19,11,W616,N. lepida,Cameron Rd.,50,Dose,6.1,20.8,14.8,,287,500,18,126.8,PRFA,F,8032,1.891555005,275
November,11/13/19,12,W616,N. lepida,Cameron Rd.,70,Dose,3.7,20.1,17.1,,480,480,20,123.1,PRFA,F,7314,1.989066339,211
November,11/14/19,13,W616,N. lepida,Cameron Rd.,70,Dose,5.5,20.1,14.6,,465,465,15,126.5,PRFA,F,6420,1.888848003,220
November,11/15/19,14,W616,N. lepida,Cameron Rd.,100,Max,3.6,21.6,16.5,0.025902669,447,447,18,127.4,PRFA,F,7088,1.762245193,225
November,11/16/19,15,W616,N. lepida,Cameron Rd.,100,Max,8,20,13.6,0.021316614,432,432,15,127.6,PRFA,F,8678,1.860159739,274
November,11/17/19,16,W616,N. lepida,Cameron Rd.,100,Max,4.6,20.7,15.4,0.024425059,415,415,17,126.1,PRFA,F,7809,1.893268859,268
November,11/18/19,17,W616,N. lepida,Cameron Rd.,100,Max,6.5,NA,14.2,0.022032583,397,NA,18,128.9,PRFA,F,7328,2.376035505,239
November_December,11/24/19,0,W548,N. bryanti,Erskine Creek,0,Chow,NA,20,NA,0,NA,500,,139.7,PRFA,F,NA,NA,NA
November_December,11/25/19,1,W548,N. bryanti,Erskine Creek,0,Chow,10.4,20.1,9.6,0,470,470,30,140.5,PRFA,F,8749,1.250732059,559
November_December,11/26/19,2,W548,N. bryanti,Erskine Creek,5,Chow,9.6,21.6,10.5,0,450,450,20,137.5,PRFA,F,4559,1.061481656,279
November_December,11/27/19,3,W548,N. bryanti,Erskine Creek,5,Dose,9.7,20.6,11.9,,425,425,25,138.3,PRFA,F,3296,1.577624206,203
November_December,11/28/19,4,W548,N. bryanti,Erskine Creek,10,Dose,7,20.3,13.6,,410,410,15,139.1,PRFA,F,3484,1.246076199,202
November_December,11/29/19,5,W548,N. bryanti,Erskine Creek,10,Dose,6.3,19.9,14,,385,385,25,137.1,PRFA,F,4984,2.357225648,259
November_December,11/30/19,6,W548,N. bryanti,Erskine Creek,20,Dose,4.1,20.5,15.8,,365,365,20,137.3,PRFA,F,5333,1.726365578,251
November_December,12/1/19,7,W548,N. bryanti,Erskine Creek,20,Dose,7,21,13.5,,345,345,20,137.3,PRFA,F,4689,1.58542519,239
November_December,12/2/19,8,W548,N. bryanti,Erskine Creek,30,Dose,5.7,21.2,15.3,,323,323,22,136.3,PRFA,F,5414,1.496870686,254
November_December,12/3/19,9,W548,N. bryanti,Erskine Creek,30,Dose,5.6,20.7,15.6,,300,300,23,136.7,PRFA,F,5885,1.615849117,271
November_December,12/4/19,10,W548,N. bryanti,Erskine Creek,50,Dose,4.2,20.9,16.5,,275,500,25,138.4,PRFA,F,6011,1.406334362,265
November_December,12/5/19,11,W548,N. bryanti,Erskine Creek,50,Dose,5.5,20,15.4,,475,475,25,140.1,PRFA,F,7437,1.598296915,331
November_December,12/6/19,12,W548,N. bryanti,Erskine Creek,70,Dose,2.1,20.5,17.9,,445,445,30,138.7,PRFA,F,7321,1.60330394,317
November_December,12/7/19,13,W548,N. bryanti,Erskine Creek,70,Dose,4.8,20.2,15.7,,420,420,25,139.7,PRFA,F,6686,1.499813222,298
November_December,12/8/19,14,W548,N. bryanti,Erskine Creek,100,Max,3.3,15.4,16.9,0.024404332,395,395,25,138.5,PRFA,F,5896,1.526867357,272
November_December,12/9/19,15,W548,N. bryanti,Erskine Creek,100,Max,2.8,19.4,12.6,0.018421053,368,368,27,136.8,PRFA,F,4307,1.608057889,218
November_December,12/10/19,16,W548,N. bryanti,Erskine Creek,100,Max,5,16.3,14.4,0.021129861,335,335,33,136.3,PRFA,F,5829,1.420128205,259
November_December,12/11/19,17,W548,N. bryanti,Erskine Creek,100,Max,2.3,NA,14,0.020158387,310,310,25,138.9,PRFA,F,2258,1.355338585,112
November_December,11/24/19,0,W551,N. bryanti,Erskine Creek,0,Chow,NA,20,NA,0,NA,500,,146.9,FRCA,F,NA,NA,NA
November_December,11/25/19,1,W551,N. bryanti,Erskine Creek,0,Chow,11,20.4,9,0,480,480,20,147.5,FRCA,F,1576,3.24378696,201
November_December,11/26/19,2,W551,N. bryanti,Erskine Creek,5,Chow,10.7,20,9.7,0,463,463,17,146,FRCA,F,836,1.32764218,102
November_December,11/27/19,3,W551,N. bryanti,Erskine Creek,5,Dose,9.4,20.6,10.6,,445,445,18,143.6,FRCA,F,913,2.059755489,115
November_December,11/28/19,4,W551,N. bryanti,Erskine Creek,10,Dose,10.2,19.9,10.4,,420,420,25,143.1,FRCA,F,601,2.635885622,96
November_December,11/29/19,5,W551,N. bryanti,Erskine Creek,10,Dose,8.3,21.5,11.6,,400,400,20,143.7,FRCA,F,907,3.026387592,112
November_December,11/30/19,6,W551,N. bryanti,Erskine Creek,20,Dose,9.2,20.9,12.3,,380,380,20,144.5,FRCA,F,701,4.766602305,105
November_December,12/1/19,7,W551,N. bryanti,Erskine Creek,20,Dose,10.1,21.5,10.8,,360,360,20,146.9,FRCA,F,304,2.699880002,66
November_December,12/2/19,8,W551,N. bryanti,Erskine Creek,30,Dose,9.2,20.4,12.3,,337,337,23,147.1,FRCA,F,277,2.292025789,58
November_December,12/3/19,9,W551,N. bryanti,Erskine Creek,30,Dose,8.9,19.9,11.5,,315,315,22,148.2,FRCA,F,436,4.526269416,90
November_December,12/4/19,10,W551,N. bryanti,Erskine Creek,50,Dose,7.5,20.4,12.4,,290,500,25,148.9,FRCA,F,293,5.918967697,88
November_December,12/5/19,11,W551,N. bryanti,Erskine Creek,50,Dose,10.3,20.6,10.1,,480,480,20,148.4,FRCA,F,583,2.063701381,92
November_December,12/6/19,12,W551,N. bryanti,Erskine Creek,70,Dose,9.5,20.6,11.1,,457,457,23,147.3,FRCA,F,743,4.964295488,126
November_December,12/7/19,13,W551,N. bryanti,Erskine Creek,70,Dose,9.1,20.5,11.5,,435,435,22,148.6,FRCA,F,406,3.443780093,74
November_December,12/8/19,14,W551,N. bryanti,Erskine Creek,100,Max,9.2,20.6,11.3,0.01144497,410,410,25,148.1,FRCA,F,818,5.760706529,94
November_December,12/9/19,15,W551,N. bryanti,Erskine Creek,100,Max,9.9,20.9,10.7,0.010881356,385,385,25,147.5,FRCA,F,700,1.634777868,86
November_December,12/10/19,16,W551,N. bryanti,Erskine Creek,100,Max,9.2,19.3,11.7,0.011858108,363,363,22,148,FRCA,F,580,2.481726462,70
November_December,12/11/19,17,W551,N. bryanti,Erskine Creek,100,Max,8.5,20.1,10.8,0.01097561,345,345,18,147.6,FRCA,F,723,2.048296982,94
November_December,12/12/19,18,W551,N. bryanti,Erskine Creek,100,Max,9.2,NA,10.9,0.011122449,320,320,25,147,FRCA,F,1021,1.501059604,97
November_December,11/24/19,0,W554,N. bryanti,Erskine Creek,0,Chow,NA,20,NA,0,NA,500,,168.7,PRFA,F,NA,NA,NA
November_December,11/25/19,1,W554,N. bryanti,Erskine Creek,0,Chow,10.3,20.4,9.7,0,473,473,27,168.7,PRFA,F,2822,1.948014685,268
November_December,11/26/19,2,W554,N. bryanti,Erskine Creek,5,Chow,9.7,20.9,10.7,0,450,450,23,170.2,PRFA,F,1578,1.285869385,139
November_December,11/27/19,3,W554,N. bryanti,Erskine Creek,5,Dose,10.7,20.2,10.2,,430,430,20,166.3,PRFA,F,823,2.101123329,82
November_December,11/28/19,4,W554,N. bryanti,Erskine Creek,10,Dose,9.7,19.5,10.5,,412,412,18,165.2,PRFA,F,1487,1.284063584,111
November_December,11/29/19,5,W554,N. bryanti,Erskine Creek,10,Dose,9.1,21.6,10.4,,390,390,22,164.3,PRFA,F,1865,1.882973282,144
November_December,11/30/19,6,W554,N. bryanti,Erskine Creek,20,Dose,9.9,21.3,11.7,,370,370,20,165.2,PRFA,F,1638,1.451853809,122
November_December,12/1/19,7,W554,N. bryanti,Erskine Creek,20,Dose,9,21.9,12.3,,345,345,25,164.7,PRFA,F,2317,1.34652132,155
November_December,12/2/19,8,W554,N. bryanti,Erskine Creek,30,Dose,9.2,20.5,12.7,,317,317,28,164.6,PRFA,F,2565,2.583338419,161
November_December,12/3/19,9,W554,N. bryanti,Erskine Creek,30,Dose,8.6,21.1,11.9,,295,500,22,162.9,PRFA,F,1720,1.532364326,106
November_December,12/4/19,10,W554,N. bryanti,Erskine Creek,50,Dose,6.7,21,14.4,,470,470,30,167.8,PRFA,F,1130,1.373616061,99
November_December,12/5/19,11,W554,N. bryanti,Erskine Creek,50,Dose,6.5,20,14.5,,450,450,20,168.8,PRFA,F,1768,1.212330132,128
November_December,12/6/19,12,W554,N. bryanti,Erskine Creek,70,Dose,5.9,20.4,14.1,,430,430,20,166.5,PRFA,F,1533,1.331869572,120
November_December,12/7/19,13,W554,N. bryanti,Erskine Creek,70,Dose,5.9,20.9,14.5,,405,405,25,168.8,PRFA,F,1156,1.323133204,88
November_December,12/8/19,14,W554,N. bryanti,Erskine Creek,100,Max,6.5,17.2,14.4,0.017071725,385,385,20,168.7,PRFA,F,1135,1.27512186,79
November_December,12/9/19,15,W554,N. bryanti,Erskine Creek,100,Max,2.1,19.7,15.1,0.017954816,365,365,20,168.2,PRFA,F,1821,1.510143538,113
November_December,12/10/19,16,W554,N. bryanti,Erskine Creek,100,Max,4.6,17.8,15.1,0.017796111,340,340,25,169.7,PRFA,F,1830,1.301299579,108
November_December,12/11/19,17,W554,N. bryanti,Erskine Creek,100,Max,2.9,19.7,14.9,0.017406542,315,315,25,171.2,PRFA,F,2091,1.186576017,101
November_December,12/12/19,18,W554,N. bryanti,Erskine Creek,100,Max,5.9,NA,13.8,0.016292798,290,290,25,169.4,PRFA,F,48,1.122035074,5
November_December,11/24/19,0,W614,N. lepida,Pine Tree cyn,0,Chow,NA,20,NA,0,NA,500,,126,FRCA,M,NA,NA,NA
November_December,11/25/19,1,W614,N. lepida,Pine Tree cyn,0,Chow,6.7,20.2,13.3,0,480,480,20,127.7,FRCA,M,10385,2.090238297,595
November_December,11/26/19,2,W614,N. lepida,Pine Tree cyn,5,Chow,5.8,20.8,14.4,0,460,460,20,130.6,FRCA,M,6666,2.762206377,261
November_December,11/27/19,3,W614,N. lepida,Pine Tree cyn,5,Dose,5,19.7,15.8,,440,440,20,130.7,FRCA,M,6582,2.225444215,318
November_December,11/28/19,4,W614,N. lepida,Pine Tree cyn,10,Dose,2.1,20.2,17.6,,423,423,17,134.8,FRCA,M,6828,2.500209571,303
November_December,11/29/19,5,W614,N. lepida,Pine Tree cyn,10,Dose,3.2,20.8,17,,402,402,21,134.9,FRCA,M,6550,2.452477941,284
November_December,11/30/19,6,W614,N. lepida,Pine Tree cyn,20,Dose,3.1,20.8,17.7,,385,385,17,133.9,FRCA,M,6917,2.474177631,311
November_December,12/1/19,7,W614,N. lepida,Pine Tree cyn,20,Dose,4.8,20.7,16,,365,365,20,135.3,FRCA,M,5083,3.264145755,233
November_December,12/2/19,8,W614,N. lepida,Pine Tree cyn,30,Dose,3.6,20.1,17.1,,345,345,20,136.5,FRCA,M,4910,2.788526442,202
November_December,12/3/19,9,W614,N. lepida,Pine Tree cyn,30,Dose,4.4,19,15.7,,320,320,25,138,FRCA,M,4266,2.666291395,198
November_December,12/4/19,10,W614,N. lepida,Pine Tree cyn,50,Dose,2,20.4,17,,295,500,25,136.9,FRCA,M,2232,2.133636996,187
November_December,12/5/19,11,W614,N. lepida,Pine Tree cyn,50,Dose,6,19.1,14.4,,477,477,23,137.7,FRCA,M,1702,2.176266911,151
November_December,12/6/19,12,W614,N. lepida,Pine Tree cyn,70,Dose,3.6,20.9,15.5,,450,450,27,137.5,FRCA,M,1443,3.017512944,195
November_December,12/7/19,13,W614,N. lepida,Pine Tree cyn,70,Dose,7.6,20.7,13.3,,428,428,22,137.4,FRCA,M,977,2.482147744,192
November_December,12/8/19,14,W614,N. lepida,Pine Tree cyn,100,Max,6.2,20.5,14.5,0.016171004,405,405,23,134.5,FRCA,M,1331,3.06017084,245
November_December,12/9/19,15,W614,N. lepida,Pine Tree cyn,100,Max,8.1,20.1,12.4,0.01384959,383,383,22,134.3,FRCA,M,1293,2.41955988,217
November_December,12/10/19,16,W614,N. lepida,Pine Tree cyn,100,Max,7.4,18.2,12.7,0.014205817,355,355,28,134.1,FRCA,M,1144,3.000702287,212
November_December,12/11/19,17,W614,N. lepida,Pine Tree cyn,100,Max,4.6,20.4,13.6,0.015212528,335,335,20,134.1,FRCA,M,2331,2.507198253,278
November_December,12/12/19,18,W614,N. lepida,Pine Tree cyn,100,Max,6.6,NA,13.8,0.015321984,300,300,35,135.1,FRCA,M,2502,2.636978595,243
November_December,11/24/19,0,W617,N. lepida,Cameron Rd.,0,Chow,NA,20,NA,0,NA,500,,99.8,PRFA,F,NA,NA,NA
November_December,11/25/19,1,W617,N. lepida,Cameron Rd.,0,Chow,9.8,20.1,10.2,0,485,485,15,100,PRFA,F,7921,1.852453308,466
November_December,11/26/19,2,W617,N. lepida,Cameron Rd.,5,Chow,6.3,21.9,13.8,0,468,468,17,102.7,PRFA,F,6055,1.169098676,358
November_December,11/27/19,3,W617,N. lepida,Cameron Rd.,5,Dose,6.2,20,15.7,,450,450,18,103.3,PRFA,F,4957,3.022528484,293
November_December,11/28/19,4,W617,N. lepida,Cameron Rd.,10,Dose,2.6,19.9,17.4,,430,430,20,105.3,PRFA,F,5145,1.739862602,280
November_December,11/29/19,5,W617,N. lepida,Cameron Rd.,10,Dose,2.5,21.3,17.4,,410,410,20,107.2,PRFA,F,3522,2.083659808,202
November_December,11/30/19,6,W617,N. lepida,Cameron Rd.,20,Dose,4.1,20.3,17.2,,392,392,18,108,PRFA,F,2696,1.398316901,194
November_December,12/1/19,7,W617,N. lepida,Cameron Rd.,20,Dose,4,20.4,16.3,,375,375,17,109.5,PRFA,F,4002,1.678790317,232
November_December,12/2/19,8,W617,N. lepida,Cameron Rd.,30,Dose,3.9,21.3,16.5,,355,355,20,111.6,PRFA,F,4816,2.104008049,224
November_December,12/3/19,9,W617,N. lepida,Cameron Rd.,30,Dose,3.4,20.2,17.9,,335,335,20,113.6,PRFA,F,3909,1.662712774,246
November_December,12/4/19,10,W617,N. lepida,Cameron Rd.,50,Dose,1.8,20.3,18.4,,315,315,20,114.3,PRFA,F,2891,2.167509298,194
November_December,12/5/19,11,W617,N. lepida,Cameron Rd.,50,Dose,4.5,20.6,15.8,,300,500,15,115.3,PRFA,F,2454,2.333488991,175
November_December,12/6/19,12,W617,N. lepida,Cameron Rd.,70,Dose,5.1,20.8,15.5,,485,485,15,114.1,PRFA,F,2702,1.511561798,187
November_December,12/7/19,13,W617,N. lepida,Cameron Rd.,70,Dose,5.8,20.7,15,,470,470,15,114.3,PRFA,F,3371,2.093920529,196
November_December,12/8/19,14,W617,N. lepida,Cameron Rd.,100,Max,6,16.3,14.7,0.025721785,455,455,15,114.3,PRFA,F,2518,1.95864022,169
November_December,12/9/19,15,W617,N. lepida,Cameron Rd.,100,Max,3.8,18.8,12.5,0.021968366,442,442,13,113.8,PRFA,F,3226,1.36130619,174
November_December,12/10/19,16,W617,N. lepida,Cameron Rd.,100,Max,6.1,14.8,12.7,0.022378855,430,430,12,113.5,PRFA,F,3052,1.399043111,172
November_December,12/11/19,17,W617,N. lepida,Cameron Rd.,100,Max,0.3,NA,14.5,0.025416301,415,415,15,114.1,PRFA,F,3299,2.059755489,172
September,9/8/19,0,W396,N. lepida,Cameron Rd.,0,Chow,NA,20.4,NA,0,NA,475,,124.7,PRFA,F,694,1.077137209,33
September,9/9/19,1,W396,N. lepida,Cameron Rd.,0,Chow,15.9,20.4,4.5,0,465,465,10,125.1,PRFA,F,3896,1.076938928,243
September,9/10/19,2,W396,N. lepida,Cameron Rd.,5,Chow,3.2,20.9,17.2,0,455,455,10,126.1,PRFA,F,5406,1.235807309,233
September,9/11/19,3,W396,N. lepida,Cameron Rd.,5,Dose,8.9,20,12,,445,445,10,127.8,PRFA,F,5150,1.252158808,197
September,9/12/19,4,W396,N. lepida,Cameron Rd.,10,Dose,8,20.4,12,,427,427,18,128.3,PRFA,F,6841,1.282054117,253
September,9/13/19,5,W396,N. lepida,Cameron Rd.,10,Dose,8.1,20.1,12.3,,415,415,12,130.5,PRFA,F,7396,1.317203632,267
September,9/14/19,6,W396,N. lepida,Cameron Rd.,20,Dose,5.9,21,14.2,,405,405,10,129.6,PRFA,F,6878,1.231590935,221
September,9/15/19,7,W396,N. lepida,Cameron Rd.,20,Dose,7.3,20.5,13.7,,385,385,20,129.8,PRFA,F,7899,4.683704874,241
September,9/16/19,8,W396,N. lepida,Cameron Rd.,30,Dose,8,20.4,12.5,,370,370,15,133.5,PRFA,F,7078,2.699880002,225
September,9/17/19,9,W396,N. lepida,Cameron Rd.,30,Dose,7.5,20.2,12.9,,360,360,10,133,PRFA,F,8242,1.354995679,264
September,9/18/19,10,W396,N. lepida,Cameron Rd.,50,Dose,6.6,20.7,13.6,,345,345,15,132.9,PRFA,F,7676,1.354372132,242
September,9/19/19,11,W396,N. lepida,Cameron Rd.,50,Dose,7.7,20.4,13,,335,335,10,132.5,PRFA,F,8442,1.219657793,241
September,9/20/19,12,W396,N. lepida,Cameron Rd.,70,Dose,7.2,20.5,13.2,,315,315,20,132.7,PRFA,F,8159,2.888075391,231
September,9/21/19,13,W396,N. lepida,Cameron Rd.,70,Dose,6.8,20.3,13.7,,305,305,10,133.6,PRFA,F,8190,1.302602323,214
September,9/22/19,14,W396,N. lepida,Cameron Rd.,100,Max,7.4,20.3,12.9,0.019111111,290,435,15,135,PRFA,F,7921,1.284613841,214
September,9/23/19,15,W396,N. lepida,Cameron Rd.,100,Max,7.6,20,12.7,0.018745387,420,420,15,135.5,PRFA,F,8740,1.502443683,251
September,9/24/19,16,W396,N. lepida,Cameron Rd.,100,Max,7.3,20.8,12.7,0.018884758,410,410,10,134.5,PRFA,F,9035,2.960874039,241
September,9/25/19,17,W396,N. lepida,Cameron Rd.,100,Max,8.2,NA,12.6,0.018763961,400,400,10,134.3,PRFA,F,9500,3.398271675,262
September,9/8/19,0,W479,N. lepida,Pine Tree cyn,0,Chow,NA,20.5,NA,0,NA,435,,166.7,FRCA,M,4897,1.722852067,226
September,9/9/19,1,W479,N. lepida,Pine Tree cyn,0,Chow,11.1,20,9.4,0,410,410,25,168.9,FRCA,M,5956,1.742670392,211
September,9/10/19,2,W479,N. lepida,Pine Tree cyn,5,Chow,0,20.4,20,0,385,385,25,168.5,FRCA,M,6632,1.659761351,235
September,9/11/19,3,W479,N. lepida,Pine Tree cyn,5,Dose,4.3,20.8,16.1,,355,355,30,171,FRCA,M,4822,2.070542494,174
September,9/12/19,4,W479,N. lepida,Pine Tree cyn,10,Dose,2.5,20.9,18.3,,322,322,33,173.1,FRCA,M,4712,1.762674042,163
September,9/13/19,5,W479,N. lepida,Pine Tree cyn,10,Dose,7.6,20,13.3,,300,500,22,172.1,FRCA,M,5287,1.674484604,171
September,9/14/19,6,W479,N. lepida,Pine Tree cyn,20,Dose,4.4,20.4,15.6,,480,480,20,170.3,FRCA,M,4374,1.797013548,199
September,9/15/19,7,W479,N. lepida,Pine Tree cyn,20,Dose,6.4,20.2,14,,453,453,27,168.3,FRCA,M,1163,2.789934306,145
September,9/16/19,8,W479,N. lepida,Pine Tree cyn,30,Max,8.4,20.4,11.8,0.003130896,430,430,23,169.6,FRCA,M,3602,2.045427225,187
September,9/17/19,9,W479,N. lepida,Pine Tree cyn,30,Max,9,20.5,11.4,0.003048128,400,400,30,168.3,FRCA,M,3971,4.343758552,208
September,9/18/19,10,W479,N. lepida,Pine Tree cyn,30,Max,7.7,20.4,12.8,0.003408284,360,360,40,169,FRCA,M,4953,2.091387087,192
September,9/19/19,11,W479,N. lepida,Pine Tree cyn,30,Max,8.5,NA,11.9,0.003170515,315,315,45,168.9,FRCA,M,NA,NA,NA
September,9/8/19,0,W491,N. lepida,Pine Tree cyn,0,Chow,NA,20.8,NA,0,NA,450,,160.1,FRCA,M,4447,1.818669911,257
September,9/9/19,1,W491,N. lepida,Pine Tree cyn,0,Chow,11.9,20.1,8.9,0,430,430,20,160.3,FRCA,M,6409,2.006415237,296
September,9/10/19,2,W491,N. lepida,Pine Tree cyn,5,Chow,0,21,20.1,0,410,410,20,162,FRCA,M,6401,2.487880187,294
September,9/11/19,3,W491,N. lepida,Pine Tree cyn,5,Dose,8,20.4,13,,385,385,25,159.6,FRCA,M,5037,2.050582597,256
September,9/12/19,4,W491,N. lepida,Pine Tree cyn,10,Dose,6.6,20.2,13.8,,362,362,23,157.5,FRCA,M,5119,2.395966837,252
September,9/13/19,5,W491,N. lepida,Pine Tree cyn,10,Dose,8.9,20.2,11.3,,345,345,17,158.3,FRCA,M,6861,2.258861344,369
September,9/14/19,6,W491,N. lepida,Pine Tree cyn,20,Dose,4.6,20.1,15.6,,325,325,20,155.1,FRCA,M,7449,3.567060003,328
September,9/15/19,7,W491,N. lepida,Pine Tree cyn,20,Dose,7.1,21.7,13,,283,500,42,152.3,FRCA,M,7173,2.447243119,343
September,9/16/19,8,W491,N. lepida,Pine Tree cyn,30,Max,8.3,20.2,13.4,0.003961892,465,465,35,152.2,FRCA,M,7816,3.531974167,323
September,9/17/19,9,W491,N. lepida,Pine Tree cyn,30,Max,5.8,20.3,14.4,0.004232528,428,428,37,153.1,FRCA,M,8637,2.361757304,321
September,9/18/19,10,W491,N. lepida,Pine Tree cyn,30,Max,8.1,17.8,12.2,0.003734694,375,375,53,147,FRCA,M,6342,2.123973358,268
September,9/19/19,11,W491,N. lepida,Pine Tree cyn,30,Max,4.8,NA,13,0.003881885,335,335,40,150.7,FRCA,M,NA,NA,NA
September,9/8/19,0,W492,N. lepida,Pine Tree cyn,0,Chow,NA,20.5,NA,0,NA,465,,127.8,PRFA,M,8273,4.019597466,356
September,9/9/19,1,W492,N. lepida,Pine Tree cyn,0,Chow,13.4,20.3,7.1,0,450,450,15,129.2,PRFA,M,8137,1.553516527,344
September,9/10/19,2,W492,N. lepida,Pine Tree cyn,5,Chow,0.4,20.3,19.9,0,440,440,10,129.9,PRFA,M,5406,1.768738832,243
September,9/11/19,3,W492,N. lepida,Pine Tree cyn,5,Dose,4.8,20.8,15.5,,420,420,20,131.5,PRFA,M,6589,2.381943695,304
September,9/12/19,4,W492,N. lepida,Pine Tree cyn,10,Dose,4.8,20.7,16,,400,400,20,131.1,PRFA,M,7833,2.003476892,328
September,9/13/19,5,W492,N. lepida,Pine Tree cyn,10,Dose,4.1,20.6,16.6,,383,383,17,134.4,PRFA,M,3798,1.789562382,316
September,9/14/19,6,W492,N. lepida,Pine Tree cyn,20,Dose,4,20.6,16.6,,365,365,18,131.3,PRFA,M,9379,1.83984145,328
September,9/15/19,7,W492,N. lepida,Pine Tree cyn,20,Dose,2.8,21.3,17.8,,340,340,25,132.9,PRFA,M,10019,5.179096735,340
September,9/16/19,8,W492,N. lepida,Pine Tree cyn,30,Dose,5.6,20.1,15.7,,325,325,15,133,PRFA,M,12107,4.809161254,378
September,9/17/19,9,W492,N. lepida,Pine Tree cyn,30,Dose,4.5,20.4,15.6,,308,308,17,131.6,PRFA,M,11485,5.791678069,374
September,9/18/19,10,W492,N. lepida,Pine Tree cyn,50,Dose,3.3,20,17.1,,290,290,18,132.2,PRFA,M,9384,4.175395818,339
September,9/19/19,11,W492,N. lepida,Pine Tree cyn,50,Dose,3.8,20.6,16.2,,275,505,15,132.3,PRFA,M,9854,1.989388604,365
September,9/20/19,12,W492,N. lepida,Pine Tree cyn,70,Dose,2.2,19.7,18.4,,485,485,20,130.9,PRFA,M,2961,2.769285658,296
September,9/21/19,13,W492,N. lepida,Pine Tree cyn,70,Dose,3.2,20.2,16.5,,467,467,18,133.4,PRFA,M,12647,2.07575217,380
September,9/22/19,14,W492,N. lepida,Pine Tree cyn,100,Max,2.8,20.2,17.4,0.026145755,450,450,17,133.1,PRFA,M,12215,2.834874002,361
September,9/23/19,15,W492,N. lepida,Pine Tree cyn,100,Max,3.6,19.9,16.6,0.024924925,435,435,15,133.2,PRFA,M,9993,2.295964574,299
September,9/24/19,16,W492,N. lepida,Pine Tree cyn,100,Max,3.5,21.2,16.4,0.024773414,420,420,15,132.4,PRFA,M,9702,2.027433742,319
September,9/25/19,17,W492,N. lepida,Pine Tree cyn,100,Max,5.8,NA,15.4,0.023053892,405,405,15,133.6,PRFA,M,NA,NA,NA
September,9/8/19,0,W542,N. bryanti,Erskine Creek,0,Chow,NA,20.2,NA,0,NA,472,,229.8,PRFA,M,96,1.415574403,55
September,9/9/19,1,W542,N. bryanti,Erskine Creek,0,Chow,8.8,20,11.4,0,460,460,12,227.4,PRFA,M,222,2.993456324,71
September,9/10/19,2,W542,N. bryanti,Erskine Creek,5,Chow,7.2,20.6,12.8,0,442,442,18,225.8,PRFA,M,454,3.531974167,129
September,9/11/19,3,W542,N. bryanti,Erskine Creek,5,Dose,8.5,20,12.1,,430,430,12,224.9,PRFA,M,257,1.420310028,86
September,9/12/19,4,W542,N. bryanti,Erskine Creek,10,Dose,7.9,20.3,12.1,,405,405,25,224.4,PRFA,M,260,4.080500458,91
September,9/13/19,5,W542,N. bryanti,Erskine Creek,10,Dose,7.9,20.3,12.4,,387,387,18,223,PRFA,M,369,4.745604057,94
September,9/14/19,6,W542,N. bryanti,Erskine Creek,20,Dose,7.1,21,13.2,,365,365,22,221.2,PRFA,M,332,2.087772978,80
September,9/15/19,7,W542,N. bryanti,Erskine Creek,20,Dose,8,20.4,13,,340,340,25,222.2,PRFA,M,208,4.89660055,65
September,9/16/19,8,W542,N. bryanti,Erskine Creek,30,Dose,10.2,20.2,10.2,,325,325,15,219.8,PRFA,M,224,4.379073662,68
September,9/17/19,9,W542,N. bryanti,Erskine Creek,30,Dose,9.1,21.1,11.1,,310,310,15,217.4,PRFA,M,211,2.0549094,70
September,9/18/19,10,W542,N. bryanti,Erskine Creek,50,Dose,10.1,20.3,11,,293,485,17,220.4,PRFA,M,209,1.816614032,75
September,9/19/19,11,W542,N. bryanti,Erskine Creek,50,Dose,8.1,20.9,12.2,,470,470,15,219.4,PRFA,M,220,1.987550039,72
September,9/20/19,12,W542,N. bryanti,Erskine Creek,70,Dose,8,19.4,12.9,,450,450,20,217.7,PRFA,M,226,3.244735304,83
September,9/21/19,13,W542,N. bryanti,Erskine Creek,70,Dose,8,20.6,11.4,,425,425,25,215,PRFA,M,203,2.240531998,83
September,9/22/19,14,W542,N. bryanti,Erskine Creek,100,Max,8.6,20.2,12,0.011049724,395,395,30,217.2,PRFA,M,204,4.643328107,90
September,9/23/19,15,W542,N. bryanti,Erskine Creek,100,Max,8.8,20.9,11.4,0.010644258,375,375,20,214.2,PRFA,M,185,3.833637441,81
September,9/24/19,16,W542,N. bryanti,Erskine Creek,100,Max,8.4,23.3,12.5,0.011600928,350,350,25,215.5,PRFA,M,152,2.849873336,75
September,9/25/19,17,W542,N. bryanti,Erskine Creek,100,Max,12.9,20.1,10.4,0.00970602,320,320,30,214.3,PRFA,M,191,4.545367599,93
September,9/26/19,18,W542,N. bryanti,Erskine Creek,100,Max,8.5,NA,11.6,0.010902256,295,295,25,212.8,PRFA,M,NA,NA,NA
September,9/8/19,0,W544,N. bryanti,Erskine Creek,0,Chow,NA,20.1,NA,0,NA,465,,134.1,PRFA,F,3696,2.985386951,191
September,9/9/19,1,W544,N. bryanti,Erskine Creek,0,Chow,6.9,20.6,13.2,0,450,450,15,136.5,PRFA,F,3289,3.203782552,183
September,9/10/19,2,W544,N. bryanti,Erskine Creek,5,Chow,7.1,20.4,13.5,0,430,430,20,136.5,PRFA,F,3117,1.675353221,155
September,9/11/19,3,W544,N. bryanti,Erskine Creek,5,Dose,8,20.1,12.4,,420,420,10,136.5,PRFA,F,3410,1.115300085,176
September,9/12/19,4,W544,N. bryanti,Erskine Creek,10,Dose,6.5,20.7,13.6,,395,395,25,137.7,PRFA,F,4096,5.669748005,189
September,9/13/19,5,W544,N. bryanti,Erskine Creek,10,Dose,7.1,20.1,13.6,,377,377,18,138.5,PRFA,F,5834,1.091004755,201
September,9/14/19,6,W544,N. bryanti,Erskine Creek,20,Dose,4.8,21.6,15.3,,365,365,12,138.8,PRFA,F,5558,1.223701617,200
September,9/15/19,7,W544,N. bryanti,Erskine Creek,20,Dose,4.7,20.5,16.9,,340,340,25,139.8,PRFA,F,6142,1.106298815,214
September,9/16/19,8,W544,N. bryanti,Erskine Creek,30,Dose,8.4,20.4,12.1,,320,320,20,139.7,PRFA,F,4636,1.55454186,170
September,9/17/19,9,W544,N. bryanti,Erskine Creek,30,Dose,5.5,20.7,14.9,,300,300,20,139.8,PRFA,F,6019,1.430177704,218
September,9/18/19,10,W544,N. bryanti,Erskine Creek,50,Dose,5.5,20.3,15.2,,280,500,20,141,PRFA,F,5850,1.336541093,224
September,9/19/19,11,W544,N. bryanti,Erskine Creek,50,Dose,4.6,19.5,15.7,,485,485,15,141.4,PRFA,F,4929,3.602849903,195
September,9/20/19,12,W544,N. bryanti,Erskine Creek,70,Dose,3.6,17.2,15.9,,460,460,25,142.7,PRFA,F,4814,3.289734788,172
September,9/21/19,13,W544,N. bryanti,Erskine Creek,70,Dose,2.9,20.9,14.3,,450,450,10,140,PRFA,F,6249,2.679731644,210
September,9/22/19,14,W544,N. bryanti,Erskine Creek,100,Max,5.7,20.4,15.2,0.021303434,427,427,23,142.7,PRFA,F,6461,3.430739239,209
September,9/23/19,15,W544,N. bryanti,Erskine Creek,100,Max,7.1,20.6,13.3,0.019027182,410,410,17,139.8,PRFA,F,6184,1.751629465,196
September,9/24/19,16,W544,N. bryanti,Erskine Creek,100,Max,4.8,20.5,15.8,0.022253521,395,395,15,142,PRFA,F,6531,1.165440858,199
September,9/25/19,17,W544,N. bryanti,Erskine Creek,100,Max,5.3,NA,15.2,0.021214236,380,380,15,143.3,PRFA,F,NA,NA,NA
September,9/8/19,0,W546,N. bryanti,Erskine Creek,0,Chow,NA,20.6,NA,0,NA,460,,141.2,FRCA,F,5674,0.928006763,260
September,9/9/19,1,W546,N. bryanti,Erskine Creek,0,Chow,8.8,20.6,11.8,0,445,445,15,140.6,FRCA,F,6261,1.058279714,258
September,9/10/19,2,W546,N. bryanti,Erskine Creek,5,Chow,7.5,20.6,13.1,0,430,430,15,142.5,FRCA,F,7610,0.953145579,282
September,9/11/19,3,W546,N. bryanti,Erskine Creek,5,Dose,6.2,20.3,14.4,,410,410,20,142.2,FRCA,F,6875,1.694593498,261
September,9/12/19,4,W546,N. bryanti,Erskine Creek,10,Dose,5.8,20.5,14.5,,385,385,25,142.3,FRCA,F,8216,0.996161746,283
September,9/13/19,5,W546,N. bryanti,Erskine Creek,10,Dose,6.3,20.2,14.2,,367,367,18,143.2,FRCA,F,10657,1.329610315,355
September,9/14/19,6,W546,N. bryanti,Erskine Creek,20,Dose,5.5,20.2,14.7,,350,350,17,141,FRCA,F,9175,1.00698275,294
September,9/15/19,7,W546,N. bryanti,Erskine Creek,20,Dose,4.8,20.6,15.4,,325,325,25,142,FRCA,F,10160,1.904768646,318
September,9/16/19,8,W546,N. bryanti,Erskine Creek,30,Dose,8.1,20.4,12.5,,305,305,20,140.1,FRCA,F,9788,3.387585286,287
September,9/17/19,9,W546,N. bryanti,Erskine Creek,30,Dose,6.9,20.3,13.5,,285,500,20,139.6,FRCA,F,9023,1.199612607,266
September,9/18/19,10,W546,N. bryanti,Erskine Creek,50,Dose,5.7,19.9,14.6,,480,480,20,140.4,FRCA,F,9721,1.278980715,275
September,9/19/19,11,W546,N. bryanti,Erskine Creek,50,Dose,4.5,21.3,15.4,,460,460,20,141,FRCA,F,9813,1.097512428,275
September,9/20/19,12,W546,N. bryanti,Erskine Creek,70,Dose,6.2,17.5,15.1,,430,430,30,141.2,FRCA,F,11182,1.378468634,290
September,9/21/19,13,W546,N. bryanti,Erskine Creek,70,Dose,2.5,20.8,15,,410,410,20,141.7,FRCA,F,12338,1.954992945,326
September,9/22/19,14,W546,N. bryanti,Erskine Creek,100,Max,6.7,21,14.1,0.01480056,390,390,20,142.9,FRCA,F,12324,1.913087795,318
September,9/23/19,15,W546,N. bryanti,Erskine Creek,100,Max,5.5,20.2,15.5,0.016512784,370,370,20,140.8,FRCA,F,11472,1.610541705,283
September,9/24/19,16,W546,N. bryanti,Erskine Creek,100,Max,5.8,19.9,14.4,0.015083799,350,350,20,143.2,FRCA,F,10802,1.181566921,272
September,9/25/19,17,W546,N. bryanti,Erskine Creek,100,Max,5.5,20.2,14.4,0.015362731,330,330,20,140.6,FRCA,F,10735,1.125787141,259
September,9/26/19,18,W546,N. bryanti,Erskine Creek,100,Max,4.5,NA,15.7,0.016491597,315,315,15,142.8,FRCA,F,NA,NA,NA
September,9/8/19,0,W547,N. bryanti,Erskine Creek,0,Chow,NA,21.1,NA,0,NA,465,,157.8,FRCA,F,884,0.968969179,61
September,9/9/19,1,W547,N. bryanti,Erskine Creek,0,Chow,8.9,20.4,12.2,0,450,450,15,151.1,FRCA,F,639,1.446950665,74
September,9/10/19,2,W547,N. bryanti,Erskine Creek,5,Chow,8,20.9,12.4,0,435,435,15,160.9,FRCA,F,807,1.271916057,80
September,9/11/19,3,W547,N. bryanti,Erskine Creek,5,Dose,9.3,20.5,11.6,,425,425,10,159,FRCA,F,1895,1.472345537,115
September,9/12/19,4,W547,N. bryanti,Erskine Creek,10,Dose,9.5,21,11,,405,405,20,155.9,FRCA,F,1537,1.282735304,95
September,9/13/19,5,W547,N. bryanti,Erskine Creek,10,Dose,6.3,20.6,14.7,,387,387,18,160.1,FRCA,F,993,1.253078822,79
September,9/14/19,6,W547,N. bryanti,Erskine Creek,20,Dose,7.3,20,13.3,,370,370,17,159.2,FRCA,F,2027,2.621051389,118
September,9/15/19,7,W547,N. bryanti,Erskine Creek,20,Dose,6.5,20.4,13.5,,357,357,13,158.4,FRCA,F,497,1.03533231,46
September,9/16/19,8,W547,N. bryanti,Erskine Creek,30,Dose,9.8,20.3,10.6,,345,345,12,159.4,FRCA,F,1776,1.442770303,107
September,9/17/19,9,W547,N. bryanti,Erskine Creek,30,Dose,7.5,20.8,12.8,,330,330,15,158.2,FRCA,F,1028,1.534198687,96
September,9/18/19,10,W547,N. bryanti,Erskine Creek,50,Dose,7.8,20.8,13,,313,313,17,158.8,FRCA,F,1174,2.398662873,93
September,9/19/19,11,W547,N. bryanti,Erskine Creek,50,Dose,8,20.7,12.8,,295,500,18,160.2,FRCA,F,1768,1.310085488,109
September,9/20/19,12,W547,N. bryanti,Erskine Creek,70,Dose,6.7,18.7,14,,480,480,20,159.3,FRCA,F,545,1.347003443,62
September,9/21/19,13,W547,N. bryanti,Erskine Creek,70,Dose,5,20.5,13.7,,465,465,15,158.8,FRCA,F,986,1.248968423,70
September,9/22/19,14,W547,N. bryanti,Erskine Creek,100,Max,7.5,20.1,13,0.0121875,453,453,12,160,FRCA,F,1065,1.455468707,80
September,9/23/19,15,W547,N. bryanti,Erskine Creek,100,Max,7.9,20.5,12.2,0.011480552,440,440,13,159.4,FRCA,F,843,2.911492219,65
September,9/24/19,16,W547,N. bryanti,Erskine Creek,100,Max,10,20.7,10.5,0.00984375,430,430,10,160,FRCA,F,614,1.449868265,68
September,9/25/19,17,W547,N. bryanti,Erskine Creek,100,Max,8.5,20,12.2,0.011567636,415,415,15,158.2,FRCA,F,823,1.234226324,84
September,9/26/19,18,W547,N. bryanti,Erskine Creek,100,Max,9.3,NA,10.7,0.009981343,405,405,10,160.8,FRCA,F,486,1.283398122,45